,index,word
0,абориген,-1
1,аборт,-1
2,абсурд,-1
3,абсурдность,-1
4,абсурдный,-1
5,авантюра,-1
6,авантюрист,-1
7,авантюрный,-1
8,аварийность,-1
9,аварийный,-1
10,авария,-1
11,аврал,-1
12,авторитарность,-1
13,авторитетный,1
14,агония,-1
15,агрессивность,-1
16,агрессивный,-1
17,агрессия,-1
18,агрессор,-1
19,адекватный,1
20,адов,-1
21,адовый,-1
22,адский,-1
23,аккуратность,1
24,аккуратный,1
25,алкаш,-1
26,алкоголизм,-1
27,алкоголик,-1
28,алкоголичка,-1
29,алчность,-1
30,амбициозный,1
31,аморальность,-1
32,аморальный,-1
33,ампутировать,-1
34,анальный,-1
35,анархия,-1
36,анафема,-1
37,антикоррупционный,1
38,антинародный,-1
39,антисанитария,-1
40,антисемитизм,-1
41,анус,-1
42,апатия,-1
43,аппетитный,1
44,арест,-1
45,аристократ,1
46,атмосферный,1
47,аутсайдер,-1
48,афера,-1
49,аферист,-1
50,ахинея,-1
51,ахти,-1
52,баба,-1
53,бабка,-1
54,бабник,-1
55,бабский,-1
56,базар,-1
57,базарить,-1
58,балаболка,-1
59,балаган,-1
60,балбес,-1
61,балда,-1
62,балдеть,-1
63,балласт,-1
64,баловать,-1
65,баловство,-1
66,бан,-1
67,банальность,-1
68,банда,-1
69,бандера,-1
70,бандеровец,-1
71,бандитизм,-1
72,бандитский,-1
73,бандформирование,-1
74,банить,-1
75,банкрот,-1
76,банкротство,-1
77,барак,-1
78,барахло,-1
79,бардак,-1
80,барыга,-1
81,башка,-1
82,башковитый,1
83,бегство,-1
84,беда,-1
85,бедненький,-1
86,бедность,-1
87,бедный,-1
88,бедняжка,-1
89,бедняк,-1
90,бедственный,-1
91,бедствие,-1
92,бедствовать,-1
93,безальтернативный,-1
94,безбилетник,-1
95,безбожный,-1
96,безволие,-1
97,безвольный,-1
98,безвредность,1
99,безвредный,1
100,безвыходность,-1
101,безголовый,-1
102,безграмотность,-1
103,безграмотный,-1
104,безгрешный,1
105,бездарный,-1
106,бездарь,-1
107,бездействие,-1
108,безделье,-1
109,бездельница,-1
110,бездельничать,-1
111,безденежье,-1
112,бездеятельность,-1
113,бездоказательный,-1
114,бездорожье,-1
115,бездумный,-1
116,беззаконие,-1
117,безликий,-1
118,безлюдный,-1
119,безмозглость,-1
120,безмозглый,-1
121,безнадега,-1
122,безнадежность,-1
123,безнадежный,-1
124,безнаказанность,-1
125,безнаказанный,-1
126,безногий,-1
127,безнравственность,-1
128,безнравственный,-1
129,безобразие,-1
130,безобразничать,-1
131,безопасный,1
132,безответственность,-1
133,безответственный,-1
134,безработица,-1
135,безразличие,-1
136,безропотный,-1
137,безудержный,-1
138,безумие,-1
139,безумный,-1
140,безумство,-1
141,безупречный,1
142,безучастный,-1
143,безыдейный,-1
144,безысходность,-1
145,безысходный,-1
146,белиберда,-1
147,бережливый,1
148,бесить,-1
149,беситься,-1
150,бесконтрольный,-1
151,бесноватый,-1
152,бесноваться,-1
153,беспардонный,-1
154,бесперспективный,-1
155,беспечность,-1
156,бесплодность,-1
157,бесплодный,-1
158,бесподобный,1
159,беспокоить,-1
160,беспокойный,-1
161,беспокойство,-1
162,бесполезность,-1
163,бесполезный,-1
164,беспомощный,-1
165,беспорядок,-1
166,беспочвенный,-1
167,беспощадный,-1
168,бесправный,-1
169,беспредел,-1
170,беспринципный,-1
171,беспристрастный,1
172,беспробудный,-1
173,бессердечный,-1
174,бессилие,-1
175,бессильный,-1
176,бесславный,-1
177,бессмысленность,-1
178,бессмысленный,-1
179,бессмыслица,-1
180,бессовестность,-1
181,бесстрашный,1
182,бесстыдный,-1
183,бестактность,-1
184,бестолковость,-1
185,бестолковый,-1
186,бестолочь,-1
187,бесчеловечность,-1
188,бесчеловечный,-1
189,бесчестный,-1
190,бешенство,-1
191,бешеный,-1
192,библия,1
193,бить,-1
194,бич,-1
195,благоволить,1
196,благодарность,1
197,благодарственный,1
198,благодатный,1
199,благоденствие,1
200,благозвучный,1
201,благополучие,1
202,благополучный,1
203,благоприятный,1
204,благоприятствовать,1
205,благоразумие,1
206,благородный,1
207,благосклонный,1
208,благословенный,1
209,благословлять,1
210,благосостояние,1
211,благостный,1
212,благотворитель,1
213,благотворительность,1
214,благочестие,1
215,блатной,-1
216,блевать,-1
217,блевотина,-1
218,блевотный,-1
219,блекнуть,-1
220,блеск,1
221,блефовать,-1
222,близорукий,-1
223,блоха,-1
224,блуд,-1
225,блудница,-1
226,бля,-1
227,блядский,-1
228,блядство,-1
229,богатей,-1
230,богатство,1
231,богатый,1
232,богатырский,1
233,богач,-1
234,богомерзкий,-1
235,бодрый,1
236,бодяга,-1
237,боевик,-1
238,божественный,1
239,божий,1
240,бой,-1
241,бойкотировать,-1
242,бойня,-1
243,болезненный,-1
244,болезный,-1
245,болезнь,-1
246,болеть,-1
247,болтаться,-1
248,болтливый,-1
249,болтовня,-1
250,боль,-1
251,больничка,-1
252,болячка,-1
253,бомж,-1
254,бонус,1
255,борец,-1
256,борзый,-1
257,босс,-1
258,боязнь,-1
259,бравада,-1
260,браконьер,-1
261,бранить,-1
262,брань,-1
263,бредовый,-1
264,брезгливость,-1
265,бремя,-1
266,брехать,-1
267,брехня,-1
268,брехун,-1
269,брешь,-1
270,бродяга,-1
271,бросать,-1
272,брыкаться,-1
273,брысь,-1
274,брюзжание,-1
275,брюзжать,-1
276,бугор,-1
277,бузить,-1
278,буйный,-1
279,букашка,-1
280,буксовать,-1
281,буржуй,-1
282,буржуйский,-1
283,бурьян,-1
284,бухать,-1
285,буянить,-1
286,быдло,-1
287,быстрорастущий,1
288,бюрократ,-1
289,бюрократический,-1
290,бюрократия,-1
291,бяка,-1
292,важный,1
293,вакханалия,-1
294,валить,-1
295,вампир,-1
296,вандал,-1
297,вандализм,-1
298,варварский,-1
299,ватник,-1
300,вдохновение,1
301,вдумчивый,1
302,ведьма,-1
303,вежливость,1
304,вежливый,1
305,везение,1
306,везунчик,1
307,везучий,1
308,великодержавный,1
309,великолепие,1
310,величественный,1
311,величие,1
312,верный,1
313,веровать,-1
314,вероотступник,-1
315,веселый,1
316,ветеран,1
317,вечный,1
318,вешать,-1
319,взаимность,1
320,взаимовыгодный,1
321,взаимопомощь,1
322,взбалмошный,-1
323,взбунтоваться,-1
324,взгрустнуть,-1
325,вздор,-1
326,вздорный,-1
327,взлом,-1
328,взрываться,-1
329,взъедаться,-1
330,взяткодатель,-1
331,взяточник,-1
332,взяточничество,-1
333,визжать,-1
334,виновник,-1
335,виновница,-1
336,виновность,-1
337,виновный,-1
338,виртуоз,1
339,вкалывать,-1
340,вкусный,1
341,вкуснятина,1
342,владыка,1
343,властолюбец,-1
344,властолюбивый,-1
345,влачить,-1
346,влезать,-1
347,влюбленность,1
348,внимательность,1
349,внимательный,1
350,внятный,1
351,возвышенность,1
352,возлюбить,1
353,возмутительный,-1
354,возмущать,-1
355,вознаграждение,1
356,возненавидеть,-1
357,возомнить,-1
358,возрадоваться,1
359,возрождаться,1
360,воин,1
361,война,-1
362,волевой,1
363,волокита,-1
364,волшебный,1
365,вольность,-1
366,вонь,-1
367,вонючий,-1
368,вонючка,-1
369,вонять,-1
370,вопить,-1
371,вор,-1
372,воришка,-1
373,вороватый,-1
374,воровать,-1
375,воровской,-1
376,воровство,-1
377,ворюга,-1
378,воспаление,-1
379,восставать,-1
380,восстание,-1
381,восторг,1
382,восторгаться,1
383,восхищать,1
384,восхищение,1
385,вошь,-1
386,впаривать,-1
387,впечатлять,1
388,впихивать,-1
389,впустую,-1
390,враг,-1
391,вражда,-1
392,враждебный,-1
393,вранье,-1
394,врать,-1
395,вред,-1
396,вредитель,-1
397,вредительство,-1
398,вредить,-1
399,вредность,-1
400,вредный,-1
401,вседозволенность,-1
402,всеобъемлющий,1
403,всепроникающий,-1
404,всесильный,1
405,вспыльчивый,-1
406,встревать,-1
407,вторгаться,-1
408,вторжение,-1
409,второсортный,-1
410,втридорога,-1
411,вульгарный,-1
412,вундеркинд,1
413,выбрасывать,-1
414,выговаривать,-1
415,выговор,-1
416,выебывать,-1
417,выживать,-1
418,выздоравливать,1
419,выздоровление,1
420,выкидывать,-1
421,выкидыш,-1
422,выклянчивать,-1
423,вылазить,-1
424,вылечиваться,1
425,вымирание,-1
426,вымирать,-1
427,вымогать,-1
428,выпендриваться,-1
429,выпивать,-1
430,выправляться,1
431,выскочка,-1
432,высокоинтеллектуальный,1
433,высококвалифицированный,1
434,высококлассный,1
435,высокомерный,-1
436,высокообразованный,1
437,высокопоставленный,1
438,высокопроизводительный,1
439,высылка,-1
440,вытворять,-1
441,вытеснять,-1
442,выходка,-1
443,вялость,-1
444,вялотекущий,-1
445,вялый,-1
446,гавно,-1
447,гад,-1
448,гаденький,-1
449,гадить,-1
450,гадкий,-1
451,гадливый,-1
452,гадость,-1
453,галантный,1
454,галиматья,-1
455,гандон,-1
456,гармоничность,1
457,гармоничный,1
458,гармония,1
459,гениальность,1
460,гениальный,1
461,гений,1
462,геноцид,-1
463,героизм,1
464,героический,1
465,геройский,1
466,гетто,-1
467,гибель,-1
468,гибнуть,-1
469,гиперинфляция,-1
470,гипертрофированный,-1
471,гитлеровский,-1
472,гламурный,-1
473,глохнуть,-1
474,глумиться,-1
475,глумление,-1
476,глупец,-1
477,глуповатый,-1
478,глупость,-1
479,глупый,-1
480,глухой,-1
481,глухомань,-1
482,глушь,-1
483,глюк,-1
484,гнать,-1
485,гнев,-1
486,гнида,-1
487,гнилой,-1
488,гнилость,-1
489,гнить,-1
490,гнобить,-1
491,гнойник,-1
492,гнойный,-1
493,гнусность,-1
494,гнусный,-1
495,гоблин,-1
496,говнюк,-1
497,говорильня,-1
498,годный,1
499,голимый,-1
500,головорез,-1
501,голод,-1
502,голодание,-1
503,голодать,-1
504,голодный,-1
505,голодовка,-1
506,голодранец,-1
507,голодуха,-1
508,голословность,-1
509,голытьба,-1
510,гомерический,-1
511,гомик,-1
512,гомосек,-1
513,гомосексуалист,-1
514,гондон,-1
515,гонение,-1
516,гонимый,-1
517,гонитель,-1
518,гонять,-1
519,гопник,-1
520,горбатиться,-1
521,горбатый,-1
522,гордиться,1
523,гордость,1
524,гордый,1
525,гордыня,-1
526,горечь,-1
527,горлопан,-1
528,горячка,-1
529,гостеприимный,1
530,гостеприимство,1
531,грабеж,-1
532,грабитель,-1
533,грабительский,-1
534,грабить,-1
535,грамотный,1
536,грандиозный,1
537,грех,-1
538,греховный,-1
539,грешить,-1
540,грешный,-1
541,гримаса,-1
542,грозить,-1
543,грозиться,-1
544,громоздкий,-1
545,гротескный,-1
546,грубить,-1
547,грубость,-1
548,грубый,-1
549,грустный,-1
550,грусть,-1
551,грязноватый,-1
552,грязный,-1
553,грязь,-1
554,губительный,-1
555,губить,-1
556,гуманизм,1
557,гуманистический,1
558,гуманность,1
559,гяур,-1
560,давка,-1
561,давление,-1
562,дальновидный,1
563,дар,1
564,дармовой,-1
565,движущий,1
566,двойственный,-1
567,двуличие,-1
568,двуличность,-1
569,двусмысленный,-1
570,дебил,-1
571,дебильный,-1
572,дебош,-1
573,дебошир,-1
574,дебоширить,-1
575,девальвация,-1
576,девка,-1
577,дегенерат,-1
578,дегенерация,-1
579,деградация,-1
580,деградировать,-1
581,дед,1
582,действенный,1
583,декларативный,-1
584,деликатный,1
585,дельный,1
586,демагогический,-1
587,демагогия,-1
588,деменция,-1
589,демократичность,1
590,демонизация,-1
591,деморализация,-1
592,деморализовать,-1
593,демпинговый,-1
594,депортация,-1
595,депрессивный,-1
596,депрессия,-1
597,дерзать,-1
598,дерзить,-1
599,дерзость,-1
600,дерьмо,-1
601,дерьмовый,-1
602,деспот,-1
603,деспотия,-1
604,дестабилизация,-1
605,дестабилизировать,-1
606,деструктивный,-1
607,детоубийство,-1
608,детоубийца,-1
609,дефект,-1
610,дефектный,-1
611,дефицит,-1
612,деформация,-1
613,деятельный,1
614,джентльменский,1
615,диверсионный,-1
616,диверсия,-1
617,диво,1
618,диетический,1
619,дикарский,-1
620,дикарь,-1
621,дикий,-1
622,дикость,-1
623,диктатор,-1
624,диктаторский,-1
625,диктатура,-1
626,динамичный,1
627,дипломатичный,1
628,дисквалифицировать,-1
629,дискомфорт,-1
630,дискомфортный,-1
631,дискредитация,-1
632,дискредитировать,-1
633,дискриминационный,-1
634,дискриминация,-1
635,дискриминировать,-1
636,добродетель,1
637,доброжелательность,1
638,доброжелательный,1
639,добросовестность,1
640,добросовестный,1
641,добрососедство,1
642,доброта,1
643,добротный,1
644,добрый,1
645,доверие,1
646,доводить,-1
647,довольный,1
648,догадливый,1
649,доить,-1
650,долбоеб,-1
651,долговечность,1
652,долговой,-1
653,долгоиграющий,1
654,доморощенный,-1
655,донос,-1
656,доносить,-1
657,допекать,-1
658,допинг,-1
659,дороговатый,-1
660,дорогостоящий,-1
661,дорожать,-1
662,досада,-1
663,досадный,-1
664,достоверность,1
665,достоверный,1
666,достопочтенный,1
667,дотошный,-1
668,дохлый,-1
669,дохнуть,-1
670,дразнить,-1
671,драка,-1
672,драматичный,-1
673,драть,-1
674,дремучий,-1
675,дрожать,-1
676,дрочить,-1
677,дружба,1
678,дружелюбие,1
679,дружелюбный,1
680,дружеский,1
681,дружить,1
682,дружище,1
683,дружный,1
684,дрянь,-1
685,дряхлый,-1
686,дубина,-1
687,дура,-1
688,дурак,-1
689,дурацкий,-1
690,дурачок,-1
691,дурдом,-1
692,дурень,-1
693,дурить,-1
694,дурной,-1
695,дурость,-1
696,дурочка,-1
697,дурь,-1
698,душевный,1
699,душегуб,-1
700,душераздирающий,-1
701,душеспасительный,1
702,душистый,1
703,душить,-1
704,душный,-1
705,душок,-1
706,дыра,-1
707,дьявол,-1
708,ебало,-1
709,ебануться,-1
710,ебаный,-1
711,ебать,-1
712,ебаться,-1
713,ебучий,-1
714,едкий,-1
715,еле-еле,-1
716,ельцинский,-1
717,еретик,-1
718,еретический,-1
719,ерунда,-1
720,жадничать,-1
721,жадность,-1
722,жадный,-1
723,жажда,-1
724,жалкий,-1
725,желанный,1
726,желчный,-1
727,женоненавистник,-1
728,женственность,1
729,женственный,1
730,жертва,-1
731,жертвенность,1
732,жертвовать,1
733,жесткость,-1
734,жестокий,-1
735,жестокость,-1
736,жесть,-1
737,живительный,1
738,живодер,-1
739,живописный,1
740,животный,-1
741,живучесть,1
742,живучий,-1
743,жид,-1
744,жидовский,-1
745,жизнелюбивый,1
746,жопа,-1
747,жопка,-1
748,жратва,-1
749,жрать,-1
750,жужжать,-1
751,жулик,-1
752,жульничать,-1
753,жульничество,-1
754,журить,-1
755,жуткий,-1
756,жутковатый,-1
757,жуть,-1
758,заартачиться,-1
759,забастовка,-1
760,забивать,-1
761,заблуждаться,-1
762,заболевание,-1
763,забота,1
764,заботиться,1
765,заботливый,-1
766,забулдыга,-1
767,заветный,1
768,завиральный,-1
769,зависимый,-1
770,завистливый,-1
771,завистник,-1
772,зависть,-1
773,завладение,-1
774,заволноваться,-1
775,загаживать,-1
776,загнивание,-1
777,загнивать,-1
778,заговор,-1
779,заговорщик,-1
780,заголосить,-1
781,загребущий,-1
782,загрязнение,-1
783,загрязнять,-1
784,загубить,-1
785,зад,-1
786,задворки,-1
787,задирать,-1
788,задница,-1
789,задор,1
790,зазнаваться,-1
791,зазорный,-1
792,заикаться,-1
793,заинтересованный,1
794,заискивание,-1
795,заискивать,-1
796,зайка,1
797,заклинивать,-1
798,заколебать,-1
799,закомплексованный,-1
800,закоренелый,-1
801,закуривать,-1
802,заливать,-1
803,заложник,-1
804,заляпывать,-1
805,заманчивый,1
806,замерзнуть,-1
807,замечательный,1
808,замешательство,-1
809,заморочка,-1
810,замусоривать,-1
811,замутить,-1
812,занос,-1
813,зануда,-1
814,занудный,-1
815,заоблачный,-1
816,западня,-1
817,заплесневелый,-1
818,запоздалый,-1
819,запредельный,-1
820,запретительный,-1
821,запугивать,-1
822,запутывать,-1
823,заражать,-1
824,заражение,-1
825,зараза,-1
826,зарезать,-1
827,засирать,-1
828,засовывать,-1
829,засраный,-1
830,застой,-1
831,застойный,-1
832,застреливаться,-1
833,затмевать,1
834,захотеть,1
835,захудалый,-1
836,зацикливаться,-1
837,зачетный,1
838,зашибаться,-1
839,звериный,-1
840,зверский,-1
841,здоровенький,1
842,здоровый,1
843,здравомыслящий,1
844,здравый,1
845,злачный,-1
846,злиться,-1
847,зло,-1
848,злоба,-1
849,злобный,-1
850,зловещий,-1
851,зловредный,-1
852,злодей,-1
853,злой,-1
854,злокачественный,-1
855,злокозненный,-1
856,злонамеренный,-1
857,злопамятный,-1
858,злополучный,-1
859,злостный,-1
860,злость,-1
861,злоупотреблять,-1
862,знаменательный,1
863,знание,1
864,зомби,-1
865,зомбировать,-1
866,зоркий,1
867,зрелище,-1
868,игла,-1
869,идеальный,1
870,идиот,-1
871,идиотизм,-1
872,идиотический,-1
873,идиотский,-1
874,избивать,-1
875,избиение,-1
876,извращенец,-1
877,извращение,-1
878,изгнание,-1
879,изгонять,-1
880,издевательский,-1
881,издевательство,-1
882,издеваться,-1
883,измена,-1
884,изнасиловать,-1
885,изнурительный,-1
886,изуверский,-1
887,импонировать,1
888,инакомыслящий,-1
889,инквизиция,-1
890,инновационный,1
891,инородец,-1
892,интеллигентский,-1
893,интересный,1
894,интимный,-1
895,инфантильный,-1
896,инфекция,-1
897,инфляция,-1
898,ипать,-1
899,искажать,-1
900,исключительный,1
901,искренний,1
902,искрометный,1
903,исламист,-1
904,исламистский,-1
905,испортить,-1
906,испортиться,-1
907,испугаться,-1
908,истерика,-1
909,истерический,-1
910,истеричный,-1
911,истерия,-1
912,истреблять,-1
913,иудейский,-1
914,казнить,-1
915,казнь,-1
916,кайф,1
917,калечить,-1
918,канализация,-1
919,капиталист,-1
920,капризный,-1
921,карательный,-1
922,катаклизм,-1
923,катастрофа,-1
924,катастрофический,-1
925,катастрофичный,-1
926,каторжный,-1
927,кгб,-1
928,кинуть,-1
929,классный,1
930,клевета,-1
931,клиника,-1
932,клоун,-1
933,коварный,-1
934,ковыряться,-1
935,козел,-1
936,козлиный,-1
937,кокаин,-1
938,колоссальный,1
939,колоться,-1
940,колхоз,-1
941,колючий,-1
942,комический,-1
943,компетентный,1
944,комсомольский,-1
945,комфортный,1
946,конструктивный,1
947,конструктор,1
948,конфликт,-1
949,конфликтный,-1
950,концлагерь,-1
951,кончать,-1
952,конченый,-1
953,коррумпировать,-1
954,коррупционер,-1
955,коррупционный,-1
956,коррупция,-1
957,корявый,-1
958,косноязычный,-1
959,косяк,-1
960,кошмар,-1
961,кошмарный,-1
962,кощунственный,-1
963,кража,-1
964,красавица,1
965,красивый,1
966,красота,1
967,красотища,1
968,красть,-1
969,крах,-1
970,крепкий,1
971,кретин,-1
972,кризис,-1
973,криминал,-1
974,криминальный,-1
975,критиковать,-1
976,критический,-1
977,кровавый,-1
978,кровожадный,-1
979,кровопролитие,-1
980,кромешный,-1
981,крошечный,1
982,крутой,1
983,круть,1
984,крыса,-1
985,крысиный,-1
986,курево,-1
987,курица,-1
988,курьезный,-1
989,кучка,-1
990,лажа,-1
991,лаконичный,1
992,лапочка,1
993,ласковый,1
994,лауреат,1
995,лгать,-1
996,легендарный,1
997,легитимность,1
998,легковерный,-1
999,лежалый,-1
1000,лезть,-1
1001,ленивый,-1
1002,лениться,-1
1003,летальный,-1
1004,лечиться,-1
1005,лизать,-1
1006,ликвидировать,1
1007,ликовать,1
1008,липкий,-1
1009,лихорадочный,-1
1010,лицемер,-1
1011,лицемерие,-1
1012,лишать,-1
1013,лишаться,-1
1014,лишение,-1
1015,ложный,-1
1016,ломать,-1
1017,ломаться,-1
1018,ломка,-1
1019,лопнуть,-1
1020,лох,-1
1021,лузер,-1
1022,лукавый,-1
1023,льстивый,-1
1024,любить,1
1025,любоваться,1
1026,любознательный,1
1027,любопытство,1
1028,людоедский,-1
1029,лютый,-1
1030,мажор,-1
1031,мазохист,-1
1032,мало-мальски,-1
1033,маловажный,-1
1034,малоимущий,-1
1035,малоинтересный,-1
1036,малообразованный,-1
1037,малоэффективный,-1
1038,маниакальный,-1
1039,манипулировать,-1
1040,манипуляция,-1
1041,мания,-1
1042,маньяк,-1
1043,мао,-1
1044,маразм,-1
1045,маразматический,-1
1046,маргинальный,-1
1047,марионетка,-1
1048,масон,-1
1049,материть,-1
1050,мафиозный,-1
1051,мафия,-1
1052,медленный,-1
1053,медлить,-1
1054,мелковатый,-1
1055,мелочный,-1
1056,мемориал,1
1057,ментовский,-1
1058,мерзавец,-1
1059,мерзкий,-1
1060,мерзопакостный,-1
1061,мерзостный,-1
1062,мерзость,-1
1063,меркантильный,-1
1064,мертворожденный,-1
1065,мертвый,-1
1066,месть,-1
1067,мечтательный,1
1068,мешать,-1
1069,мещанский,-1
1070,мизерный,-1
1071,миленький,-1
1072,миллиардер,-1
1073,миллионер,1
1074,милосердный,1
1075,милый,1
1076,минус,-1
1077,мирный,1
1078,миролюбивый,1
1079,мифический,-1
1080,мнить,-1
1081,многовато,-1
1082,многообещающий,1
1083,многофункциональный,1
1084,могущественный,1
1085,модернизация,1
1086,молодец,1
1087,молодчина,1
1088,монотонный,-1
1089,монументальный,1
1090,морда,-1
1091,москаль,-1
1092,мочить,-1
1093,мошенник,-1
1094,мошеннический,-1
1095,мощный,1
1096,мразь,-1
1097,мрак,-1
1098,мракобес,-1
1099,мракобесие,-1
1100,мракобесный,-1
1101,мрачноватый,-1
1102,мрачный,-1
1103,мстительный,-1
1104,мстить,-1
1105,мудак,-1
1106,мудрец,1
1107,мудрый,1
1108,мужественный,1
1109,мужество,1
1110,мука,-1
1111,мусор,-1
1112,мусорить,-1
1113,мутный,-1
1114,муторный,-1
1115,муть,-1
1116,мучение,-1
1117,мучительный,-1
1118,мучиться,-1
1119,мыльный,-1
1120,мягкотелый,-1
1121,наворовывать,-1
1122,навредить,-1
1123,навязчивый,-1
1124,наглость,-1
1125,наглый,-1
1126,надежда,1
1127,надежность,1
1128,надежный,1
1129,надлежащий,1
1130,надоедать,-1
1131,надрываться,-1
1132,надрывный,-1
1133,наебывать,-1
1134,наезжать,-1
1135,назойливый,-1
1136,наивный,-1
1137,наизнанку,-1
1138,наказание,-1
1139,наказуемый,-1
1140,налево,-1
1141,напасть,-1
1142,напиваться,-1
1143,наплевать,-1
1144,напряженность,-1
1145,напряженный,-1
1146,напускной,-1
1147,напыщенный,-1
1148,наравне,1
1149,нарекание,-1
1150,нарик,-1
1151,наркоман,-1
1152,наркомания,-1
1153,наркоманский,-1
1154,наркота,-1
1155,наркотик,-1
1156,наркотический,-1
1157,наркоторговец,-1
1158,нарушать,-1
1159,нарушение,-1
1160,нарушитель,-1
1161,насиловать,-1
1162,насильник,-1
1163,насильственный,-1
1164,наслаждаться,1
1165,насмотреться,-1
1166,насрать,-1
1167,настораживать,-1
1168,натяжка,-1
1169,нахуй,-1
1170,нахуя,-1
1171,нацбол,-1
1172,нацизм,-1
1173,национализм,-1
1174,нацист,-1
1175,нацистский,-1
1176,нацмен,-1
1177,неадекватный,-1
1178,небезопасный,-1
1179,небезразличный,1
1180,неблагодарный,-1
1181,неблагонадежный,-1
1182,неблагополучный,-1
1183,неблагоприятный,-1
1184,небогатый,-1
1185,небывалый,1
1186,невежливый,-1
1187,неверный,-1
1188,невеселый,-1
1189,невиновный,1
1190,невнимательный,-1
1191,невнятный,-1
1192,невоспитанный,-1
1193,невостребованный,-1
1194,невредимый,1
1195,невроз,-1
1196,невыносимый,-1
1197,невыплаченный,-1
1198,невыполнимый,-1
1199,негатив,-1
1200,негативный,-1
1201,неглупый,1
1202,негодный,-1
1203,негодяй,-1
1204,негр,-1
1205,неграмотный,-1
1206,негуманный,-1
1207,недальновидный,-1
1208,недееспособный,-1
1209,недемократичный,-1
1210,недешевый,-1
1211,недисциплинированный,-1
1212,недобросовестный,-1
1213,недобрый,-1
1214,недоверие,-1
1215,недовольный,-1
1216,недовольство,-1
1217,недолговечный,-1
1218,недолюбливать,-1
1219,недоношенный,-1
1220,недопустимый,-1
1221,недоразвитый,-1
1222,недоразумение,-1
1223,недорогой,1
1224,недостаток,-1
1225,недостаточный,-1
1226,недостойный,-1
1227,недоумение,-1
1228,недочет,-1
1229,недружелюбный,-1
1230,недурной,1
1231,нежданный,-1
1232,нежелание,-1
1233,нежеланный,-1
1234,нежизнеспособный,-1
1235,нежный,1
1236,незавидный,-1
1237,незаконный,-1
1238,нездоровый,-1
1239,незнание,-1
1240,незрелый,-1
1241,неизлечимый,-1
1242,неинтересный,-1
1243,неискренний,-1
1244,неисправимый,-1
1245,неисправный,-1
1246,неистовый,-1
1247,неистребимый,-1
1248,неисчерпаемый,1
1249,некачественный,-1
1250,неквалифицированный,-1
1251,некомпетентный,-1
1252,некомфортный,-1
1253,неконтролируемый,-1
1254,неконфликтный,1
1255,некорректный,-1
1256,некрасивый,-1
1257,некультурный,-1
1258,нелегал,-1
1259,нелегитимный,-1
1260,нелепость,-1
1261,нелепый,-1
1262,нелестный,-1
1263,нелицеприятный,-1
1264,неловкий,-1
1265,нелогичный,-1
1266,нелюбимый,-1
1267,нелюди,-1
1268,неминуемый,-1
1269,немыслимый,-1
1270,немытый,-1
1271,ненавидеть,-1
1272,ненависть,-1
1273,ненадежный,-1
1274,ненастоящий,-1
1275,ненасытный,-1
1276,ненормальный,-1
1277,ненормативный,-1
1278,необдуманный,-1
1279,необразованный,-1
1280,необученный,-1
1281,необыкновенный,1
1282,необычайный,1
1283,неоправданный,-1
1284,неопровержимый,1
1285,неопрятный,-1
1286,неосмотрительный,-1
1287,неосторожный,-1
1288,неоценимый,1
1289,неплатежеспособный,-1
1290,неплохой,1
1291,непобедимый,-1
1292,непобежденный,1
1293,неповиновение,-1
1294,неподдельный,1
1295,неподкупный,1
1296,неподходящий,-1
1297,непозволительный,-1
1298,неполноценность,-1
1299,неполноценный,-1
1300,неположенный,-1
1301,непомерный,-1
1302,непонимание,-1
1303,непонимающий,-1
1304,непонятый,-1
1305,непоправимый,-1
1306,непорядочный,-1
1307,непосильный,-1
1308,непоследовательный,-1
1309,непослушный,-1
1310,непостижимый,-1
1311,непостоянный,-1
1312,непотопляемый,1
1313,непотребный,-1
1314,неправда,-1
1315,неправильный,-1
1316,неправомерный,-1
1317,неправый,-1
1318,непрактичный,-1
1319,непредвиденный,-1
1320,непреодолимый,-1
1321,неприветливый,-1
1322,непригодный,-1
1323,неприемлемый,-1
1324,непризнанный,-1
1325,непримиримый,-1
1326,неприхотливый,1
1327,неприязнь,-1
1328,неприятность,-1
1329,неприятный,-1
1330,непроверенный,-1
1331,непролазный,-1
1332,непростой,-1
1333,непрофессиональный,-1
1334,непутевый,-1
1335,неработающий,-1
1336,неравномерный,-1
1337,нерадивый,-1
1338,нерадостный,-1
1339,неразрешимый,-1
1340,неразумный,-1
1341,нервировать,-1
1342,нервничать,-1
1343,нереальность,-1
1344,нерентабельный,-1
1345,нерусский,-1
1346,несамостоятельный,-1
1347,несанкционированный,-1
1348,несбалансированный,-1
1349,несбыточный,-1
1350,несдержанный,-1
1351,несистемный,-1
1352,несказанный,1
1353,нескончаемый,-1
1354,нескромный,-1
1355,нескучный,1
1356,несовершенный,-1
1357,несовершенство,-1
1358,несовместимый,-1
1359,несовременный,-1
1360,несознательный,-1
1361,несоответствие,-1
1362,неспособность,-1
1363,неспособный,-1
1364,несправедливость,-1
1365,несправедливый,-1
1366,нестабильный,-1
1367,несусветный,-1
1368,несчастный,-1
1369,неточность,-1
1370,нетрезвый,-1
1371,нетривиальный,1
1372,неуважение,-1
1373,неугодный,-1
1374,неудача,-1
1375,неудачник,-1
1376,неудачный,-1
1377,неудобный,-1
1378,неудобство,-1
1379,неудовлетворенный,-1
1380,неудовлетворительный,-1
1381,неуемный,-1
1382,неуклюжий,-1
1383,неумелый,-1
1384,неумение,-1
1385,неуместный,-1
1386,неумный,-1
1387,неумолимый,-1
1388,неуравновешенный,-1
1389,неуспешный,-1
1390,неустойчивый,-1
1391,неутешительный,-1
1392,неутомимый,-1
1393,неухоженный,-1
1394,неуютный,-1
1395,нехватка,-1
1396,нехуй,-1
1397,нецелесообразный,-1
1398,нецензурный,-1
1399,нецивилизованный,-1
1400,нечеловеческий,-1
1401,нечестивый,-1
1402,нечестный,-1
1403,нечистый,-1
1404,нечисть,-1
1405,неэтичный,-1
1406,неэффективный,-1
1407,ниггер,-1
1408,нигер,-1
1409,низкокачественный,-1
1410,низкооплачиваемый,-1
1411,низменный,-1
1412,никудышный,-1
1413,никчемный,-1
1414,ничтожество,-1
1415,нищенский,-1
1416,нищета,-1
1417,нормальный,1
1418,норовить,-1
1419,нравиться,1
1420,нравственность,1
1421,нравственный,1
1422,нудный,-1
1423,нытик,-1
1424,ныть,-1
1425,обвинение,-1
1426,обвинительный,-1
1427,обвинять,-1
1428,обворовывать,-1
1429,обезьяна,-1
1430,обезьянка,-1
1431,обидный,-1
1432,обидчик,-1
1433,обижать,-1
1434,обличительный,-1
1435,обман,-1
1436,обманный,-1
1437,обманчивый,-1
1438,обманывать,-1
1439,обнимать,1
1440,обожать,1
1441,обоснованный,1
1442,обрадовать,1
1443,обрадоваться,1
1444,образованный,1
1445,обсирать,-1
1446,обучать,1
1447,обходить,-1
1448,общемировой,1
1449,общепризнанный,1
1450,общительный,1
1451,объединение,1
1452,объединительный,1
1453,объяснительный,-1
1454,обывательский,-1
1455,оглушительный,1
1456,оголтелый,-1
1457,огорчать,-1
1458,ограничение,-1
1459,огрех,-1
1460,одиночество,-1
1461,однотипный,-1
1462,одобрительный,1
1463,одобрять,1
1464,оккупант,-1
1465,оккупация,-1
1466,омерзительный,-1
1467,опасный,-1
1468,опрометчивый,-1
1469,опрятный,1
1470,оптимальный,1
1471,оптимизм,1
1472,оптимист,1
1473,опьянение,-1
1474,оратор,1
1475,организованный,1
1476,оригинальность,1
1477,оскорбительный,-1
1478,оскорбление,-1
1479,оскорблять,-1
1480,основательный,1
1481,особенный,1
1482,особь,-1
1483,остроумный,1
1484,осуждать,-1
1485,отбирать,-1
1486,отважный,1
1487,отвергать,-1
1488,отвратительный,-1
1489,отвращение,-1
1490,отечественный,1
1491,отечество,1
1492,отжимать,-1
1493,отзывчивый,1
1494,отказ,-1
1495,откат,-1
1496,отличный,1
1497,отменный,1
1498,отморозок,-1
1499,отомщать,-1
1500,отпугивать,-1
1501,отрубать,-1
1502,отставать,-1
1503,отсталый,-1
1504,отстойный,-1
1505,отчаяние,-1
1506,отъявленный,-1
1507,офигенный,-1
1508,офшор,-1
1509,охуевать,-1
1510,очарование,1
1511,очередной,-1
1512,ошибка,-1
1513,ошибочный,-1
1514,пагубный,-1
1515,падать,-1
1516,падкий,-1
1517,падший,-1
1518,палач,-1
1519,паленый,-1
1520,паника,-1
1521,панический,-1
1522,парадоксальный,-1
1523,паразит,-1
1524,паразитический,-1
1525,параноидальный,-1
1526,пародия,-1
1527,пархатый,-1
1528,паскудный,-1
1529,патриотичный,1
1530,пафос,-1
1531,пафосный,-1
1532,педерастия,-1
1533,педофил,-1
1534,педофилия,-1
1535,первоклассный,1
1536,переворот,-1
1537,передергивать,-1
1538,переживать,-1
1539,переигрывать,-1
1540,переплачивать,-1
1541,переступать,-1
1542,переть,-1
1543,перечеркивать,-1
1544,перспективный,1
1545,пессимист,-1
1546,пессимистичный,-1
1547,печалить,-1
1548,печальный,-1
1549,пидар,-1
1550,пидарас,-1
1551,пидор,-1
1552,пизда,-1
1553,пиздеж,-1
1554,пиздеть,-1
1555,пиздец,-1
1556,пилить,-1
1557,пионерский,1
1558,плагиат,-1
1559,планктон,-1
1560,плачевный,-1
1561,плевать,-1
1562,плодотворный,1
1563,плохой,-1
1564,плясать,-1
1565,по-детски,1
1566,по-человечески,1
1567,победитель,1
1568,победный,1
1569,победоносный,1
1570,побояться,-1
1571,повальный,-1
1572,поверхностный,-1
1573,повеситься,-1
1574,повестись,-1
1575,поганый,-1
1576,погасать,-1
1577,погожий,1
1578,погром,-1
1579,подачка,-1
1580,подвиг,1
1581,поддельный,-1
1582,поддержка,1
1583,подлец,-1
1584,подлинный,1
1585,подозрительный,-1
1586,подпольный,-1
1587,подрывать,-1
1588,пожизненный,-1
1589,поздравление,1
1590,позитивный,1
1591,познавательный,1
1592,позор,-1
1593,позорный,-1
1594,показной,-1
1595,показуха,-1
1596,показушный,-1
1597,полезный,1
1598,полениться,-1
1599,полицай,-1
1600,полноправный,1
1601,полноценный,1
1602,полулегальный,-1
1603,помеха,-1
1604,помирать,-1
1605,помойка,-1
1606,понаехать,-1
1607,понравиться,1
1608,понт,-1
1609,попахивать,-1
1610,поплакать,-1
1611,попсовый,-1
1612,порадовать,1
1613,поражать,1
1614,поражаться,-1
1615,поражение,-1
1616,порок,-1
1617,порочный,-1
1618,порядочный,1
1619,посадить,-1
1620,посильный,1
1621,посредственный,-1
1622,постановочный,-1
1623,пострелять,-1
1624,постыдный,-1
1625,посягательство,-1
1626,потрясение,-1
1627,поумнеть,1
1628,похабный,-1
1629,похвала,1
1630,похвалить,1
1631,похищать,-1
1632,похотливый,-1
1633,похуй,-1
1634,почесть,1
1635,пошлость,-1
1636,пошлый,-1
1637,правда,1
1638,правдивый,1
1639,правдоподобный,1
1640,праведный,1
1641,правильный,1
1642,править,-1
1643,правозащитник,1
1644,праздничный,1
1645,превосходный,1
1646,превосходство,1
1647,предатель,-1
1648,предательский,-1
1649,предательство,-1
1650,предприимчивый,1
1651,презентабельный,1
1652,презирать,-1
1653,презрение,-1
1654,презрительный,-1
1655,преимущество,1
1656,прекрасный,1
1657,прелесть,1
1658,пренебрежительный,-1
1659,престижный,1
1660,преступление,-1
1661,преступник,-1
1662,преступность,-1
1663,преступный,-1
1664,претензия,-1
1665,пречистый,1
1666,привлекательный,1
1667,придурок,-1
1668,приедаться,-1
1669,прикольный,1
1670,прилежный,1
1671,приличный,1
1672,примечательный,1
1673,принудительный,-1
1674,принуждение,-1
1675,принцесса,1
1676,прискорбный,-1
1677,приснопамятный,-1
1678,притворный,-1
1679,приятный,1
1680,проблема,-1
1681,проблемный,-1
1682,провал,-1
1683,провальный,-1
1684,провинциал,-1
1685,провинция,-1
1686,провокатор,-1
1687,провокация,-1
1688,прогибаться,-1
1689,прогрессивный,1
1690,продажный,-1
1691,продуктивный,1
1692,проебывать,-1
1693,прозорливый,1
1694,проигрышный,-1
1695,производительный,1
1696,происшествие,-1
1697,проклинать,-1
1698,проклятие,-1
1699,пролетарский,-1
1700,промахиваться,-1
1701,пронзительный,1
1702,проникновенный,1
1703,проницательный,1
1704,пропаганда,-1
1705,пропагандистский,-1
1706,пропадать,-1
1707,пропащий,-1
1708,пропивать,-1
1709,прорыв,-1
1710,прослушка,-1
1711,проститутка,-1
1712,просторный,1
1713,пространный,-1
1714,протест,-1
1715,протестовать,-1
1716,противник,-1
1717,противный,-1
1718,противозаконный,-1
1719,противоречить,-1
1720,процветание,1
1721,процветать,1
1722,прощение,-1
1723,псих,-1
1724,психопат,-1
1725,психотропный,-1
1726,пту,-1
1727,пугать,-1
1728,пугливый,-1
1729,пузатый,-1
1730,пустой,-1
1731,пустышка,-1
1732,пухленький,1
1733,пухлый,-1
1734,пьяница,-1
1735,пьянка,-1
1736,пьянство,-1
1737,раб,-1
1738,рабский,-1
1739,рабство,-1
1740,равнодушный,-1
1741,равноправие,1
1742,радовать,1
1743,радушный,1
1744,разбиваться,-1
1745,разбираться,1
1746,развал,-1
1747,разваливать,-1
1748,разваливаться,-1
1749,разворовывать,-1
1750,разврат,-1
1751,развратный,-1
1752,развращать,-1
1753,разгонять,-1
1754,разгромный,-1
1755,раздражать,-1
1756,разоблачительный,-1
1757,разорять,-1
1758,разочарование,-1
1759,разруха,-1
1760,разрушать,-1
1761,разрушительный,-1
1762,разум,1
1763,разумный,1
1764,райский,1
1765,ранить,-1
1766,расизм,-1
1767,расист,-1
1768,расистский,-1
1769,раскол,-1
1770,распад,-1
1771,расплакаться,-1
1772,рассмешить,1
1773,расставаться,-1
1774,расстраиваться,-1
1775,расстрел,-1
1776,расстреливать,-1
1777,рациональный,1
1778,рваный,-1
1779,реалистический,1
1780,ревностный,-1
1781,резать,-1
1782,резвый,1
1783,резня,-1
1784,рейх,-1
1785,религия,1
1786,репрессивный,-1
1787,репрессировать,-1
1788,репрессия,-1
1789,респект,1
1790,рискованный,-1
1791,рисковать,-1
1792,родительский,1
1793,рожа,-1
1794,романтический,1
1795,романтичный,1
1796,ронять,-1
1797,роскошный,1
1798,ругательный,-1
1799,ругать,-1
1800,ругаться,-1
1801,рулить,1
1802,русофоб,-1
1803,русофобия,-1
1804,русофобский,-1
1805,рухнуть,-1
1806,рыдать,-1
1807,рыхлый,-1
1808,рьяный,-1
1809,садист,-1
1810,сакральный,-1
1811,сакраментальный,-1
1812,самовлюбленный,-1
1813,самовольный,-1
1814,самолюбование,-1
1815,самонадеянный,-1
1816,самоубийство,-1
1817,самоубийца,-1
1818,сарказм,-1
1819,сатана,-1
1820,сбивать,-1
1821,светлый,1
1822,свинский,-1
1823,своевременный,1
1824,сволочной,-1
1825,сволочь,-1
1826,святой,1
1827,сдаваться,-1
1828,сдохнуть,-1
1829,сектант,-1
1830,сердиться,-1
1831,сердобольный,1
1832,сердюков,-1
1833,серый,-1
1834,сетовать,-1
1835,сильный,1
1836,симпатизировать,1
1837,симпатичный,1
1838,симпатяга,1
1839,сионистский,-1
1840,сказочный,1
1841,скандал,-1
1842,скандальный,-1
1843,скатиться,-1
1844,скатывать,-1
1845,скверный,-1
1846,скончаться,-1
1847,скорбеть,-1
1848,скорбный,-1
1849,скотина,-1
1850,скотский,-1
1851,скромный,1
1852,скудный,-1
1853,скупой,-1
1854,скучный,-1
1855,слабоватый,-1
1856,слабовольный,-1
1857,слаборазвитый,-1
1858,слабость,-1
1859,слабоумный,-1
1860,слабохарактерный,-1
1861,слабый,-1
1862,слащавый,-1
1863,слежка,-1
1864,слезать,-1
1865,слезливый,-1
1866,сломаться,-1
1867,смачный,1
1868,смекалистый,1
1869,смелость,1
1870,смелый,1
1871,смертельный,-1
1872,смертник,-1
1873,смерть,-1
1874,смехотворный,-1
1875,смирительный,-1
1876,смог,-1
1877,смутный,-1
1878,смущать,-1
1879,снисходительный,-1
1880,сногсшибательный,1
1881,соболезнование,-1
1882,соболезновать,-1
1883,собор,1
1884,совершенство,1
1885,совковый,-1
1886,согласный,1
1887,содомит,-1
1888,сокровенный,1
1889,солдатик,-1
1890,солидный,1
1891,солнышко,1
1892,сомнение,-1
1893,сообразительный,1
1894,сопереживать,1
1895,сопротивление,-1
1896,состоятельный,1
1897,сострадание,1
1898,сострадательный,1
1899,сочный,1
1900,сочувствовать,1
1901,спам,-1
1902,спасать,1
1903,спасибо,1
1904,спасибочки,1
1905,спелый,1
1906,спид,-1
1907,спиздить,-1
1908,спорт,1
1909,справедливость,1
1910,справедливый,1
1911,сраный,-1
1912,срать,-1
1913,ссать,-1
1914,ссора,-1
1915,стадный,-1
1916,сталинист,-1
1917,стереотип,-1
1918,стопроцентный,1
1919,страдание,-1
1920,страдать,-1
1921,странноватый,-1
1922,страх,-1
1923,страшилка,-1
1924,страшненький,-1
1925,страшный,-1
1926,стресс,-1
1927,стрессовый,-1
1928,стройный,1
1929,стукач,-1
1930,стыдиться,-1
1931,стырить,-1
1932,стяжательство,-1
1933,субботник,1
1934,судить,-1
1935,судьба,1
1936,суеверие,-1
1937,суетиться,-1
1938,суицид,-1
1939,сука,-1
1940,сукин,-1
1941,сумасшедший,-1
1942,сумятица,-1
1943,сунуться,-1
1944,супер,1
1945,супостат,-1
1946,суровость,-1
1947,суровый,-1
1948,суррогатный,-1
1949,сфабриковать,-1
1950,сфальсифицировать,-1
1951,схитрить,-1
1952,счастливчик,1
1953,счастливый,1
1954,сынок,1
1955,сырой,-1
1956,сытный,1
1957,сытость,1
1958,сытый,1
1959,сюрприз,1
1960,табак,-1
1961,табачный,-1
1962,тактичность,1
1963,тактичный,1
1964,талант,1
1965,талантливый,1
1966,талиб,-1
1967,таракан,-1
1968,тараканий,-1
1969,тварь,-1
1970,твердолобый,-1
1971,темный,-1
1972,теневой,-1
1973,теплота,1
1974,теракт,-1
1975,терзание,-1
1976,терзаться,-1
1977,терпеливый,1
1978,терпение,1
1979,террор,-1
1980,терроризировать,-1
1981,терроризм,-1
1982,террорист,-1
1983,террористический,-1
1984,террористка,-1
1985,теряться,-1
1986,теснота,-1
1987,тесный,1
1988,тетка,-1
1989,техногенный,-1
1990,тешиться,-1
1991,тиран,-1
1992,тирания,-1
1993,титанический,1
1994,тлен,-1
1995,тлетворный,-1
1996,толковый,1
1997,толокно,-1
1998,толстокожий,-1
1999,толстосум,-1
2000,толстяк,-1
2001,толчея,-1
2002,тонуть,-1
2003,топовый,1
2004,топорный,-1
2005,топтать,-1
2006,торгаш,-1
2007,торжество,1
2008,тормоз,-1
2009,тормознуть,-1
2010,торпеда,-1
2011,тоталитарный,-1
2012,тотальный,-1
2013,точность,1
2014,тошнить,-1
2015,тошнота,-1
2016,тошнотворный,-1
2017,тощий,-1
2018,травить,-1
2019,травиться,-1
2020,травка,-1
2021,травля,-1
2022,трагедия,-1
2023,традиция,1
2024,траур,-1
2025,трахать,-1
2026,трахаться,-1
2027,трахнуть,-1
2028,тревожить,-1
2029,тревожный,-1
2030,трезвый,1
2031,трепет,1
2032,трепетать,-1
2033,трепетный,1
2034,треш,-1
2035,триумф,1
2036,трогательность,1
2037,трогательный,1
2038,тролль,-1
2039,трудный,-1
2040,трудолюбивый,1
2041,трудолюбие,1
2042,труженик,1
2043,труп,-1
2044,трус,-1
2045,трусливый,-1
2046,трусоватый,-1
2047,трястись,-1
2048,туберкулез,-1
2049,тугой,-1
2050,туманный,-1
2051,тупик,-1
2052,тупиковый,-1
2053,тупить,-1
2054,тупица,-1
2055,туповатый,-1
2056,тупой,-1
2057,тупорылый,-1
2058,тупость,-1
2059,туфта,-1
2060,тухлый,-1
2061,тухнуть,-1
2062,тщательность,1
2063,тщеславие,-1
2064,тырить,-1
2065,тюремный,-1
2066,тюряга,-1
2067,тягота,-1
2068,тяготить,-1
2069,тяготиться,-1
2070,тяжба,-1
2071,тяжелобольной,-1
2072,тянуть,-1
2073,убивать,-1
2074,убиваться,-1
2075,убивец,-1
2076,убиение,-1
2077,убийственный,-1
2078,убийство,-1
2079,убийца,-1
2080,ублюдок,-1
2081,ублюдочный,-1
2082,убогий,-1
2083,убогость,-1
2084,убожество,-1
2085,убойность,-1
2086,убыток,-1
2087,уважение,1
2088,уважительный,1
2089,уверенность,1
2090,увеселение,-1
2091,увесистый,-1
2092,увечье,-1
2093,увлекательный,1
2094,увлекать,1
2095,увольнять,-1
2096,угнетатель,-1
2097,угнетать,-1
2098,угнетение,-1
2099,уголовник,-1
2100,угробить,-1
2101,угроза,-1
2102,угрюмый,-1
2103,удавка,-1
2104,удача,1
2105,удачливость,1
2106,удачливый,1
2107,удачный,1
2108,удивительный,1
2109,удобный,1
2110,удовлетворенность,1
2111,удовольствие,1
2112,удорожание,-1
2113,удушать,-1
2114,удушение,-1
2115,ужалить,-1
2116,ужас,-1
2117,ужасать,-1
2118,ужасаться,-1
2119,ужасный,-1
2120,ужесточаться,-1
2121,ужесточение,-1
2122,ужесточить,-1
2123,узник,-1
2124,узость,-1
2125,узурпатор,-1
2126,узурпация,-1
2127,узурпировать,-1
2128,уклоняться,-1
2129,украсть,-1
2130,украшать,1
2131,украшение,1
2132,укусить,-1
2133,уловка,-1
2134,улучшать,1
2135,улучшаться,1
2136,улучшение,1
2137,улыбка,1
2138,улыбчивый,1
2139,умалять,-1
2140,умелый,1
2141,умение,1
2142,умилять,1
2143,умирать,-1
2144,умник,-1
2145,умница,1
2146,умничать,-1
2147,умный,1
2148,умудряться,-1
2149,умысел,-1
2150,универсальность,1
2151,унижать,-1
2152,унижаться,-1
2153,унижение,-1
2154,унизительный,-1
2155,уникальность,1
2156,уникальный,1
2157,уничижительный,-1
2158,уничтожать,-1
2159,уничтожение,-1
2160,унылый,-1
2161,уныние,-1
2162,упадок,-1
2163,упадочный,-1
2164,уповать,-1
2165,упоение,1
2166,упрек,-1
2167,упрекать,-1
2168,упускать,-1
2169,упущение,-1
2170,упырь,-1
2171,ура,1
2172,урезание,-1
2173,урод,-1
2174,уродка,-1
2175,уродливый,-1
2176,уродовать,-1
2177,уродский,-1
2178,уродство,-1
2179,урожай,1
2180,урон,-1
2181,усердие,1
2182,усердный,1
2183,усложнять,-1
2184,усомниться,-1
2185,успех,1
2186,успешность,1
2187,успешный,1
2188,успокаиваться,1
2189,усталый,-1
2190,устраиваться,1
2191,усугубляться,-1
2192,усыновлять,1
2193,утерять,-1
2194,утечка,-1
2195,утешать,1
2196,утомительный,-1
2197,утомлять,-1
2198,утонченность,1
2199,утопический,-1
2200,утопичный,-1
2201,утрата,-1
2202,утруждать,-1
2203,ухудшаться,-1
2204,ухудшение,-1
2205,училка,-1
2206,учудить,-1
2207,ушлый,-1
2208,ущемление,-1
2209,ущемлять,-1
2210,ущемляться,-1
2211,ущерб,-1
2212,ущербность,-1
2213,ущербный,-1
2214,уязвимость,-1
2215,фабрикация,-1
2216,фабриковать,-1
2217,фальсификатор,-1
2218,фальсификация,-1
2219,фальсифицировать,-1
2220,фальшивомонетчик,-1
2221,фальшивый,-1
2222,фальшь,-1
2223,фанатизм,-1
2224,фанатик,-1
2225,фантомный,-1
2226,фатальный,-1
2227,фашизм,-1
2228,фашист,-1
2229,фашистка,-1
2230,фашистский,-1
2231,фейк,-1
2232,феминизм,-1
2233,феминистка,-1
2234,фиаско,-1
2235,фигня,-1
2236,фиговый,-1
2237,фиктивный,-1
2238,фикция,-1
2239,флейм,-1
2240,фокус,1
2241,фол,-1
2242,форсить,-1
2243,фортель,-1
2244,фу,-1
2245,фундаментализм,-1
2246,фюрер,-1
2247,халатность,-1
2248,халатный,-1
2249,халифат,-1
2250,халтура,-1
2251,хаметь,-1
2252,хамить,-1
2253,хамка,-1
2254,хамство,-1
2255,ханжество,-1
2256,хаос,-1
2257,харакири,-1
2258,харизматичный,1
2259,хаять,-1
2260,хваленый,1
2261,хвалить,1
2262,хватить,-1
2263,хворый,-1
2264,хер,-1
2265,херня,-1
2266,хилый,-1
2267,химичить,-1
2268,хипстер,-1
2269,хиреть,-1
2270,хитрец,1
2271,хитрить,-1
2272,хитрожопый,-1
2273,хитроумный,1
2274,хитрющий,-1
2275,хихикать,-1
2276,хищение,-1
2277,хладнокровный,-1
2278,хлам,-1
2279,хлебнуть,-1
2280,хлипкий,-1
2281,хмурый,-1
2282,холод,-1
2283,холодный,-1
2284,холоп,-1
2285,холопский,-1
2286,холуй,-1
2287,холуйство,-1
2288,хомячок,1
2289,хоронить,-1
2290,хорошенький,1
2291,хороший,1
2292,хохол,-1
2293,храбрость,1
2294,храбрый,1
2295,хрен,-1
2296,хреновый,-1
2297,хриплый,-1
2298,хрипота,-1
2299,хромать,-1
2300,хронический,-1
2301,худой,-1
2302,худосочный,-1
2303,хуета,-1
2304,хуй,-1
2305,хуйня,-1
2306,хуле,-1
2307,хулиган,-1
2308,хулиганить,-1
2309,хулиганский,-1
2310,хулиганство,-1
2311,хунта,-1
2312,цацкаться,-1
2313,целесообразность,1
2314,целеустремленный,1
2315,целостный,1
2316,ценить,1
2317,цениться,1
2318,ценный,1
2319,церковный,-1
2320,циник,-1
2321,цирк,-1
2322,цыганский,-1
2323,чавкать,-1
2324,чванство,-1
2325,чекистский,-1
2326,человечность,1
2327,человечный,1
2328,чепуха,-1
2329,червь,-1
2330,червяк,-1
2331,черепаший,-1
2332,черножопый,-1
2333,черствый,-1
2334,честность,1
2335,честный,1
2336,чиновничий,-1
2337,чинуша,-1
2338,чистоплотный,1
2339,чистый,1
2340,чистюля,-1
2341,чопорный,-1
2342,чрезвычайный,-1
2343,чрезмерный,-1
2344,чтить,1
2345,чувиха,-1
2346,чувственный,1
2347,чувствительный,-1
2348,чувствовать,1
2349,чудак,-1
2350,чудище,-1
2351,чудный,1
2352,чудо,1
2353,чудовище,-1
2354,чудовищный,-1
2355,чужак,-1
2356,чуждый,-1
2357,чужеродный,-1
2358,чурбан,-1
2359,чурка,-1
2360,чуткий,1
2361,чучело,-1
2362,чушь,-1
2363,шайка,-1
2364,шалава,-1
2365,шалун,-1
2366,шальной,-1
2367,шантаж,-1
2368,шантажировать,-1
2369,шантажист,-1
2370,шарить,1
2371,шататься,-1
2372,шаткий,-1
2373,шедевр,-1
2374,шельма,-1
2375,шизоидный,-1
2376,шизофреник,-1
2377,шизофренический,-1
2378,шикарный,1
2379,ширпотреб,-1
2380,шлюха,-1
2381,шовинизм,-1
2382,шовинист,-1
2383,шовинистический,-1
2384,шок,-1
2385,шокировать,-1
2386,шоковый,-1
2387,шпана,-1
2388,шпион,-1
2389,шпионаж,-1
2390,шпынять,-1
2391,шрам,-1
2392,штраф,-1
2393,шулер,-1
2394,шум,-1
2395,шустрый,1
2396,шут,-1
2397,шутить,1
2398,шутник,1
2399,щедрость,1
2400,щекотливый,-1
2401,эгоизм,-1
2402,эгоист,-1
2403,эгоистический,-1
2404,эгоистичный,-1
2405,эгоцентричный,-1
2406,экзальтированный,-1
2407,экономичный,1
2408,экономный,1
2409,эксплуатация,-1
2410,экспроприировать,-1
2411,экстравагантный,-1
2412,экстраординарный,1
2413,экстремизм,-1
2414,экстремист,-1
2415,эксцесс,-1
2416,элитарный,1
2417,энтузиазм,1
2418,эпатаж,-1
2419,эпохальный,1
2420,эстетический,1
2421,этический,1
2422,эфемерный,-1
2423,эффективный,1
2424,юлить,-1
2425,яд,-1
2426,ядовитый,-1
2427,язвительный,-1
2428,яркий,1
2429,ярмо,-1
2430,яростный,-1
2431,ярость,-1
2432,несуразица,-1
2433,авантюристка,-1
2434,запарка,-1
2435,властность,-1
2436,авторитаризм,-1
2437,интервенционный,-1
2438,интервент,-1
2439,алкашка,-1
2440,отнимать,-1
2441,отнять,-1
2442,апатичность,-1
2443,аристократка,1
2444,махинация,-1
2445,мошенница,-1
2446,бред,-1
2447,дичь,-1
2448,мура,-1
2449,донжуан,-1
2450,пустозвон,-1
2451,пустобрех,-1
2452,пустомеля,-1
2453,гнет,-1
2454,гангстерский,-1
2455,несостоятельность,-1
2456,облом,-1
2457,старье,-1
2458,разгром,-1
2459,сметливый,1
2460,горе,-1
2461,скудость,-1
2462,нужда,-1
2463,неимущий,-1
2464,нищий,-1
2465,горемыка,-1
2466,нищеброд,-1
2467,бессовестный,-1
2468,слабохарактерность,-1
2469,малодушный,-1
2470,малокомпетентность,-1
2471,некомпетентность,-1
2472,неграмотность,-1
2473,малокомпетентный,-1
2474,непогрешимый,1
2475,безгреховный,1
2476,тщетный,-1
2477,бездарность,-1
2478,ничегонеделание,-1
2479,ничегонеделанье,-1
2480,бездельник,-1
2481,инертность,-1
2482,аморфность,-1
2483,голословный,-1
2484,ветреный,-1
2485,беспечный,-1
2486,нелегальность,-1
2487,незаконность,-1
2488,варвар,-1
2489,неосмысленный,-1
2490,зряшный,-1
2491,напрасный,-1
2492,глупышка,-1
2493,идиотка,-1
2494,антигуманность,-1
2495,негуманность,-1
2496,антигуманистический,-1
2497,античеловечный,-1
2498,антигуманный,-1
2499,избить,-1
2500,добить,-1
2501,разбить,-1
2502,побить,-1
2503,сложности,-1
2504,признательный,1
2505,благодарный,1
2506,обильный,1
2507,благополучность,1
2508,благословить крест,1
2509,благотворительница,1
2510,благочестивость,1
2511,богобоязненность,1
2512,поблекнуть,-1
2513,блудник,-1
2514,распутник,-1
2515,благодатность,1
2516,изобильный,1
2517,многообразный,1
2518,обеспеченный,1
2519,богачка,-1
2520,канитель,-1
2521,морока,-1
2522,всевышний,1
2523,стычка,-1
2524,схватка,-1
2525,столкновение,-1
2526,удар,-1
2527,битье,-1
2528,битва,-1
2529,болевой,-1
2530,недуг,-1
2531,хворь,-1
2532,поболеть,-1
2533,похварывать,-1
2534,заболеть,-1
2535,заболевать,-1
2536,треп,-1
2537,мытарство,-1
2538,ругательство,-1
2539,несообразный,-1
2540,несуразный,-1
2541,врун,-1
2542,лгун,-1
2543,лжец,-1
2544,враль,-1
2545,выкаблучиваться,-1
2546,упиться,-1
2547,хмелеть,-1
2548,волокитный,-1
2549,немаловажный,1
2550,архиважный,1
2551,разгул,-1
2552,заваливать,-1
2553,завалить,-1
2554,свалить,-1
2555,вурдалак,-1
2556,вандалка,-1
2557,фурия,-1
2558,гарпия,-1
2559,мегера,-1
2560,ведьмин,-1
2561,ведьминский,-1
2562,фарт,1
2563,везуха,1
2564,везенье,1
2565,фартовый,1
2566,доподлинный,1
2567,истинный,1
2568,преданный,1
2569,обоюдовыгодный,1
2570,взаимовыручка,1
2571,взаимоподдержка,1
2572,восстать,-1
2573,бунтовать,-1
2574,сварливый,-1
2575,взламывание,-1
2576,невзлюбить,-1
2577,завизжать,-1
2578,виноватость,-1
2579,повинный,-1
2580,виртуозка,1
2581,вкусность,1
2582,вкусненький,1
2583,объедение,1
2584,владычица,1
2585,увлечение,1
2586,страсть,1
2587,чуткость,1
2588,внимательнейший,1
2589,ясный,1
2590,награда,1
2591,нарадоваться,1
2592,воскреснуть,1
2593,воспрянуть,1
2594,ловелас,-1
2595,магический,1
2596,привольность,-1
2597,вольготность,-1
2598,зловоние,-1
2599,смрад,-1
2600,смрадный,-1
2601,зловонный,-1
2602,зловонность,-1
2603,смрадность,-1
2604,смердеть,-1
2605,разить,-1
2606,навонять,-1
2607,ворье,-1
2608,восхищаться,1
2609,впарить,-1
2610,впечатлить,1
2611,втиснуть,-1
2612,втискивать,-1
2613,впихнуть,-1
2614,затолкать,-1
2615,запихивать,-1
2616,недруг,-1
2617,оппонент,-1
2618,неприятель,-1
2619,рознь,-1
2620,наврать,-1
2621,соврать,-1
2622,потеря,-1
2623,вредительница,-1
2624,вредоносность,-1
2625,вредоносный,-1
2626,всеохватывающий,1
2627,всесторонний,1
2628,всеохватный,1
2629,вторгнуться,-1
2630,нашествие,-1
2631,встревание,-1
2632,вышвыривать,-1
2633,взбучка,-1
2634,выжить,-1
2635,излечение,1
2636,исцеление,1
2637,выклянчить,-1
2638,канючить,-1
2639,клянчить,-1
2640,вымереть,-1
2641,перемереть,-1
2642,перемирать,-1
2643,выпендрежничать,-1
2644,выпендриться,-1
2645,пропить,-1
2646,исправляться,1
2647,исправиться,1
2648,квалифицированный,1
2649,спесивый,-1
2650,надменный,-1
2651,заносчивый,-1
2652,вытеснить,-1
2653,проделка,-1
2654,выкрутасы,-1
2655,дряблость,-1
2656,подгадить,-1
2657,гадостный,-1
2658,безобразный,-1
2659,гадостность,-1
2660,тошнотворность,-1
2661,отвратительность,-1
2662,сверходаренный,1
2663,суперталантливый,1
2664,геройство,1
2665,героичный,1
2666,погибель,-1
2667,оглохнуть,-1
2668,заглохнуть,-1
2669,надругаться,-1
2670,поглумиться,-1
2671,надругательство,-1
2672,скудоумие,-1
2673,недалекость,-1
2674,тугоухий,-1
2675,неотзывчивый,-1
2676,бесчувственный,-1
2677,захолустье,-1
2678,глубинка,-1
2679,прогнивший,-1
2680,тлеть,-1
2681,сгнить,-1
2682,загнить,-1
2683,бандит,-1
2684,бандюга,-1
2685,бандитка,-1
2686,оголодать,-1
2687,нищебродский,-1
2688,гей,-1
2689,педераст,-1
2690,преследование,-1
2691,гонительница,-1
2692,притеснитель,-1
2693,преследователь,-1
2694,лихорадка,-1
2695,гостеприимность,1
2696,налет,-1
2697,поборы,-1
2698,грабительница,-1
2699,ограбить,-1
2700,грабануть,-1
2701,награбить,-1
2702,грандиознейший,1
2703,согрешить,-1
2704,погрозить,-1
2705,угрожать,-1
2706,погрозиться,-1
2707,нагрубить,-1
2708,печаль,-1
2709,смертоносный,-1
2710,гробить,-1
2711,сгубить,-1
2712,всечеловечность,1
2713,человеколюбие,1
2714,дарование,1
2715,двуликость,-1
2716,лицемерность,-1
2717,фальшивость,-1
2718,скользкий,-1
2719,даун,-1
2720,имбецил,-1
2721,буянство,-1
2722,дебоширство,-1
2723,буян,-1
2724,бузила,-1
2725,резонный,1
2726,демагогичность,-1
2727,растление,-1
2728,развращение,-1
2729,депрессионный,-1
2730,депрессуха,-1
2731,дерзнуть,-1
2732,надерзить,-1
2733,безобразность,-1
2734,диктаторство,-1
2735,тиранический,-1
2736,дефицитность,-1
2737,деформирование,-1
2738,активнейший,1
2739,активный,1
2740,чудеса,1
2741,дикарка,-1
2742,деспотичный,-1
2743,деспотический,-1
2744,подвижный,1
2745,дипломатический,1
2746,дисквалифицироваться,-1
2747,дискомфортность,-1
2748,дискредитирование,-1
2749,дискредитироваться,-1
2750,доброжелательство,1
2751,благожелательный,1
2752,простосердечность,1
2753,мягкосердечие,1
2754,добросердечие,1
2755,сердечность,1
2756,добросердечный,1
2757,простосердечный,1
2758,мягкосердечный,1
2759,сердечный,1
2760,дорогой,-1
2761,правдивость,1
2762,издохнуть,-1
2763,околеть,-1
2764,подразнить,-1
2765,поддразнить,-1
2766,поддразнивать,-1
2767,обзывать,-1
2768,обозвать,-1
2769,подстрекнуть,-1
2770,раздразнить,-1
2771,подстрекать,-1
2772,мордобой,-1
2773,рвать,-1
2774,задрожать,-1
2775,дружественность,1
2776,дружелюбность,1
2777,дружественный,1
2778,слаженный,1
2779,негодность,-1
2780,никудышность,-1
2781,непригодность,-1
2782,ветхий,-1
2783,изветшалый,-1
2784,психушка,-1
2785,наихудший,-1
2786,нехороший,-1
2787,плоховатый,-1
2788,плохонький,-1
2789,ароматный,1
2790,притеснять,-1
2791,притеснить,-1
2792,удушить,-1
2793,истерзать,-1
2794,удавить,-1
2795,придушить,-1
2796,удушливый,-1
2797,запашок,-1
2798,черт,-1
2799,демон,-1
2800,ехидный,-1
2801,еретичка,-1
2802,скупиться,-1
2803,самоотверженность,1
2804,пожертвовать,1
2805,свирепый,-1
2806,безжалостность,-1
2807,кровожадность,-1
2808,лютость,-1
2809,немилосердность,-1
2810,красочный,1
2811,колоритнейший,1
2812,сплутовать,-1
2813,смухлевать,-1
2814,плутовство,-1
2815,страшенный,-1
2816,волноваться,-1
2817,взволноваться,-1
2818,разволноваться,-1
2819,перепачкать,-1
2820,изгадить,-1
2821,тление,-1
2822,гниение,-1
2823,измазать,-1
2824,насвинячить,-1
2825,попортить,-1
2826,пыл,1
2827,запал,1
2828,надоесть,-1
2829,докучать,-1
2830,закоснелый,-1
2831,заматерелый,-1
2832,заложница,-1
2833,соблазнительный,1
2834,смятение,-1
2835,сорить,-1
2836,засорить,-1
2837,засорять,-1
2838,ловушка,-1
2839,поздний,-1
2840,неразрешенный,-1
2841,запретный,-1
2842,запугать,-1
2843,застращать,-1
2844,заразить,-1
2845,инфицирование,-1
2846,затмить,1
2847,свирепствовать,-1
2848,злобность,-1
2849,озлобление,-1
2850,озлобленный,-1
2851,ожесточенный,-1
2852,убойный,-1
2853,монстр,-1
2854,злодейка,-1
2855,злоумышленный,-1
2856,злосчастный,-1
2857,злоупотребить,-1
2858,познания,1
2859,совершенный,1
2860,безукоризненный,1
2861,побои,-1
2862,извращенка,-1
2863,измывательский,-1
2864,издевка,-1
2865,измывательство,-1
2866,потешаться,-1
2867,живодерский,-1
2868,диссидентский,-1
2869,откровенный,1
2870,прямодушный,1
2871,портиться,-1
2872,убояться,-1
2873,бояться,-1
2874,пугаться,-1
2875,устрашиться,-1
2876,психоз,-1
2877,изничтожить,-1
2878,истребить,-1
2879,изводить,-1
2880,сокрушить,-1
2881,услада,1
2882,наслаждение,1
2883,покалечить,-1
2884,искалечить,-1
2885,изувечивать,-1
2886,изувечить,-1
2887,капиталистка,-1
2888,катастрофичность,-1
2889,навет,-1
2890,оговор,-1
2891,поклеп,-1
2892,вероломный,-1
2893,умопомрачительный,1
2894,полномочный,1
2895,комфортабельный,1
2896,противоречие,-1
2897,коррумпированный,-1
2898,коррумпированность,-1
2899,продажность,-1
2900,промах,-1
2901,кура,-1
2902,лентяйничать,-1
2903,смертный,-1
2904,прилипчивый,-1
2905,горячечный,-1
2906,нервический,-1
2907,отнятие,-1
2908,отбирание,-1
2909,лживый,-1
2910,мазохистка,-1
2911,малозначительный,-1
2912,незначимый,-1
2913,малосведущий,-1
2914,бескультурный,-1
2915,невежественный,-1
2916,манипулирование,-1
2917,маньячка,-1
2918,грошовый,-1
2919,миллиардерша,-1
2920,родной,1
2921,родимый,1
2922,милейший,1
2923,изъян,-1
2924,лад,1
2925,мир,1
2926,бесконфликтность,1
2927,миролюбивость,1
2928,миролюбие,1
2929,беспросветный,-1
2930,отомстить,-1
2931,поквитаться,-1
2932,расквитаться,-1
2933,премудрый,1
2934,мужественность,1
2935,сор,-1
2936,заунывный,-1
2937,безрадостный,-1
2938,безотрадный,-1
2939,тоскливый,-1
2940,мучительство,-1
2941,изводиться,-1
2942,известись,-1
2943,замучиться,-1
2944,нахальство,-1
2945,нахальный,-1
2946,упование,1
2947,подобающий,1
2948,орать,-1
2949,наехать,-1
2950,докучный,-1
2951,санкция,-1
2952,принужденность,-1
2953,натянутость,-1
2954,деланный,-1
2955,высокопарный,-1
2956,наркозависимость,-1
2957,наркобольной,-1
2958,нарковещество,-1
2959,наркосодержащий,-1
2960,наркотикосодержащий,-1
2961,наркоторговка,-1
2962,наркобизнесмен,-1
2963,наркосбытчица,-1
2964,нарушительница,-1
2965,насторожить,-1
2966,пронацистский,-1
2967,нацистка,-1
2968,опаснейший,-1
2969,неравнодушный,1
2970,неодобрительный,-1
2971,нестерпимый,-1
2972,несносный,-1
2973,нещадный,-1
2974,отрицательный,-1
2975,дрянной,-1
2976,негритос,-1
2977,негритоска,-1
2978,антидемократичный,-1
2979,антидемократический,-1
2980,недозволенный,-1
2981,дрязги,-1
2982,нелады,-1
2983,раздор,-1
2984,неприязненный,-1
2985,недружественный,-1
2986,неохота,-1
2987,предосудительный,-1
2988,неблаговидный,-1
2989,неприглядный,-1
2990,беззаконный,-1
2991,нелегальный,-1
2992,антизаконный,-1
2993,неискоренимый,-1
2994,неестественный,-1
2995,остервенелый,-1
2996,неиссякаемый,1
2997,неистощимый,1
2998,низкоквалифицированный,-1
2999,неподвластный,-1
3000,нелегалка,-1
3001,несуразность,-1
3002,несообразность,-1
3003,ненавистничество,-1
3004,подложный,-1
3005,прожорливый,-1
3006,обжорливый,-1
3007,непродуманный,-1
3008,нечистоплотный,-1
3009,неаккуратный,-1
3010,неряшливый,-1
3011,бесценный,1
3012,непослушание,-1
3013,ослушание,-1
3014,настоящий,1
3015,пошловатый,-1
3016,нелюбовь,-1
3017,антипатия,-1
3018,недружелюбие,-1
3019,малоприятный,-1
3020,пренеприятный,-1
3021,пренеприятнейший,-1
3022,дилетантский,-1
3023,небрежный,-1
3024,неблагоразумный,-1
3025,взвинтить,-1
3026,взвинчивать,-1
3027,взвинченный,-1
3028,убыточный,-1
3029,низкорентабельный,-1
3030,неописуемый,1
3031,обветшалый,-1
3032,неувязка,-1
3033,диссонанс,-1
3034,нестыковка,-1
3035,неувязочка,-1
3036,несчастливый,-1
3037,пьяный,-1
3038,поддатый,-1
3039,пьяненький,-1
3040,непочтительность,-1
3041,непочтение,-1
3042,неуважительность,-1
3043,невезение,-1
3044,невезуха,-1
3045,несчастливица,-1
3046,неудачница,-1
3047,несчастливец,-1
3048,неудобность,-1
3049,нищенство,-1
3050,стонать,-1
3051,обидчица,-1
3052,обделить,-1
3053,признанный,1
3054,компанейский,1
3055,коммуникабельный,1
3056,недоработка,-1
3057,оптимистичность,1
3058,оптимистка,1
3059,отторгать,-1
3060,отторгнуть,-1
3061,отвергнуть,-1
3062,омерзение,-1
3063,родина,1
3064,шугануть,-1
3065,вспугивать,-1
3066,вспугнуть,-1
3067,матерый,-1
3068,оффшор,-1
3069,пристрастный,-1
3070,губитель,-1
3071,могильщик,-1
3072,пиявка,-1
3073,карикатура,-1
3074,пессимистка,-1
3075,пессимистический,-1
3076,подспорье,1
3077,подмога,1
3078,подкосить,-1
3079,взорвать,-1
3080,стыд,-1
3081,препятствие,-1
3082,преграда,-1
3083,обессилевать,-1
3084,окочуриваться,-1
3085,добропорядочный,1
3086,перестрелять,-1
3087,обстреливать,-1
3088,покушение,-1
3089,умнеть,1
3090,похитить,-1
3091,похабщина,-1
3092,непотребность,-1
3093,похабность,-1
3094,непристойность,-1
3095,пошлятина,-1
3096,изменник,-1
3097,изменница,-1
3098,инициативный,1
3099,солидный на вид,1
3100,презренный,-1
3101,приесться,-1
3102,проблематичный,-1
3103,завальный,-1
3104,провоцирование,-1
3105,клясть,-1
3106,оплошать,-1
3107,пропагандирование,-1
3108,соперник,-1
3109,конфликтовать,-1
3110,преуспеяние,1
3111,преуспевание,1
3112,преуспеть,1
3113,преуспевать,1
3114,безумец,-1
3115,психопатка,-1
3116,боязливый,-1
3117,тучный,-1
3118,рабыня,-1
3119,невольник,-1
3120,невольничий,-1
3121,кабала,-1
3122,безразличный,-1
3123,расшибиться,-1
3124,толкучка,-1
3125,развалить,-1
3126,разворовать,-1
3127,распутный,-1
3128,раздражаться,-1
3129,разочарованность,-1
3130,запустение,-1
3131,крушить,-1
3132,интеллектуальный,1
3133,поранить,-1
3134,расистка,-1
3135,смешить,1
3136,насмешить,1
3137,посмешить,1
3138,омрачиться,-1
3139,рассудительный,1
3140,драный,-1
3141,проворный,1
3142,великолепный,1
3143,обругать,-1
3144,поругать,-1
3145,побраниться,-1
3146,браниться,-1
3147,руководить,1
3148,выруливать,1
3149,рушиться,-1
3150,обвалиться,-1
3151,обрушиться,-1
3152,реветь,-1
3153,садомазохист,-1
3154,садомазохистка,-1
3155,садистка,-1
3156,саркастичность,-1
3157,пасовать,-1
3158,капитулировать,-1
3159,сектантка,-1
3160,серчать,-1
3161,осерчать,-1
3162,рассердиться,-1
3163,роптать,-1
3164,миловидность,1
3165,свара,-1
3166,грызня,-1
3167,скандальность,-1
3168,скандальчик,-1
3169,приторный,-1
3170,неустрашимость,1
3171,отвага,1
3172,конфузить,-1
3173,ошеломляющий,1
3174,разительный,1
3175,фантастический,1
3176,дивный,1
3177,совершенность,1
3178,безупречность,1
3179,безукоризненность,1
3180,представительный,1
3181,солнце,1
3182,откликаться,1
3183,вич-инфекция,-1
3184,верность,1
3185,правота,1
3186,истинность,1
3187,престранный,-1
3188,ужастик,-1
3189,доносчик,-1
3190,доносчица,-1
3191,стукачка,-1
3192,засуетиться,-1
3193,кутерьма,-1
3194,суматоха,-1
3195,финтить,-1
3196,удачник,1
3197,удачница,1
3198,солнечный,1
3199,пытка,-1
3200,растерзание,-1
3201,терпеливость,1
3202,терроризирование,-1
3203,потеряться,-1
3204,растериваться,-1
3205,растеряться,-1
3206,тесность,-1
3207,тиранствовать,-1
3208,самодурство,-1
3209,тиранство,-1
3210,вразумительный,1
3211,доходчивый,1
3212,потонуть,-1
3213,погрязать,-1
3214,кустарный,-1
3215,торжественность,1
3216,затормозить,-1
3217,притормаживать,-1
3218,застопорить,-1
3219,мутить,-1
3220,подташнивать,-1
3221,подташнивание,-1
3222,потравить,-1
3223,преследовать,-1
3224,затравить,-1
3225,вытравить,-1
3226,поморить,-1
3227,трагизм,-1
3228,трагичность,-1
3229,трагедийность,-1
3230,нрав,1
3231,обычай,1
3232,традиционность,1
3233,пронзительность,1
3234,проникновенность,1
3235,неуживчивый,-1
3236,гнетущий,-1
3237,работящий,1
3238,трудоспособность,1
3239,работоспособность,1
3240,работяга,1
3241,труженица,1
3242,специалистка,1
3243,специалист,1
3244,прах,-1
3245,трусиха,-1
3246,натянутый,-1
3247,расплывчатый,-1
3248,неопределенный,-1
3249,отчаянный,-1
3250,безвыходный,-1
3251,тугодумие,-1
3252,фальшивка,-1
3253,подделка,-1
3254,протухший,-1
3255,протухнуть,-1
3256,протухать,-1
3257,тюрьма,-1
3258,гнести,-1
3259,убить,-1
3260,умервщление,-1
3261,зловредность,-1
3262,смертоносность,-1
3263,счастье,1
3264,успешливый,1
3265,небезуспешный,1
3266,уместный,1
3267,довольство,1
3268,удовлетворение,1
3269,притеснение,-1
3270,ужесточать,-1
3271,узница,-1
3272,арестант,-1
3273,арестантка,-1
3274,узурпирование,-1
3275,финт,-1
3276,маневр,-1
3277,намудрить,-1
3278,исхитряться,-1
3279,унизить,-1
3280,уничижать,-1
3281,принизить,-1
3282,унизиться,-1
3283,самоуничижение,-1
3284,самоунижение,-1
3285,униженность,-1
3286,принижение,-1
3287,унижающий,-1
3288,похоронный,-1
3289,прореха,-1
3290,отвратный,-1
3291,изуродовать,-1
3292,извращать,-1
3293,извратить,-1
3294,уродливость,-1
3295,рвение,1
3296,тщание,1
3297,осложнять,-1
3298,осложнить,-1
3299,усложнить,-1
3300,удачность,1
3301,утомленный,-1
3302,устроиться,1
3303,притомить,-1
3304,затруднить,-1
3305,затруднять,-1
3306,ухудшиться,-1
3307,ущемленность,-1
3308,защемление,-1
3309,уязвление,-1
3310,фальсифицирование,-1
3311,поддельщик,-1
3312,фальсификаторша,-1
3313,фальшивомонетчица,-1
3314,двуликий,-1
3315,двуличный,-1
3316,двоедушный,-1
3317,фанатичка,-1
3318,фюрерский,-1
3319,нахамить,-1
3320,хвалебный,1
3321,захихикать,-1
3322,похихикать,-1
3323,захлебнуть,-1
3324,озноб,-1
3325,похоронить,-1
3326,хрипловатый,-1
3327,охриплый,-1
3328,хрип,-1
3329,хрипение,-1
3330,прихрамывать,-1
3331,захромать,-1
3332,хулиганка,-1
3333,хулиганье,-1
3334,похулиганить,-1
3335,нахулиганить,-1
3336,ценнейший,1
3337,драгоценный,1
3338,высокогуманный,1
3339,человеколюбивый,1
3340,очерствелый,-1
3341,чистенький,1
3342,чистейший,1
3343,почтить,1
3344,почитать,1
3345,почитаться,1
3346,прелестный,1
3347,расчудесный,1
3348,озорник,-1
3349,пострел,-1
3350,шантажирование,-1
3351,пошантажировать,-1
3352,пошатнуться,-1
3353,зашататься,-1
3354,бестия,-1
3355,шизик,-1
3356,шизоид,-1
3357,шизофреничка,-1
3358,шовинистка,-1
3359,подтрунивать,1
3360,хохмач,1
3361,шутница,1
3362,юморист,1
3363,щедрота,1
3364,себялюбие,-1
3365,эгоистичность,-1
3366,себялюбка,-1
3367,эгоистка,-1
3368,себялюбец,-1
3369,мнимый,-1
3370,высокоэффективный,1
3371,высокотоксичный,-1
3372,токсичный,-1
3373,авральный,-1
3374,авторитарный,-1
3375,безработный,-1
3376,беспардонность,-1
3377,беспристрастность,1
3378,благо,1
3379,благородство,1
3380,браконьерский,1
3381,бонусный,1
3382,брезгливый,-1
3383,взятка,-1
3384,восторженный,1
3385,герой,1
3386,гневный,-1
3387,долговечный,1
3388,зараженный,-1
3389,застрелить,-1
3390,интеллигентный,1
3391,интересно,1
3392,искажение,-1
3393,?порча,-1
3394,искренность,1
3395,клеветать,-1
3396,коварность,-1
3397,красиво,1
3398,ласка,1
3399,ложь,-1
3400,лицемерить,-1
3401,маргинал,-1
3402,мошенничество,-1
3403,мудрость,1
3404,наивность,-1
3405,несправедливо,-1
3406,несчастье,-1
3407,нытье,-1
3408,обида,-1
3409,осуждение,-1
3410,позитив,1
3411,сочувствие,1
3412,чудесный,1
3413,священный,1
3414,слежение,-1
3415,изысканность,1
3416,отжать,-1
3417,профашистский,-1
3418,бедлам,-1
