0,1
абориген,-1
аборт,-1
абсурд,-1
абсурдность,-1
абсурдный,-1
авантюра,-1
авантюрист,-1
авантюрный,-1
аварийность,-1
аварийный,-1
авария,-1
аврал,-1
авторитарность,-1
авторитетный,1
агония,-1
агрессивность,-1
агрессивный,-1
агрессия,-2
агрессор,-1
адекватный,1
адов,-2
адовый,-1
адский,-1
аккуратность,1
аккуратный,1
алкаш,-2
алкоголизм,-1
алкоголик,-1
алкоголичка,-1
алчность,-1
амбициозный,1
аморальность,-1
аморальный,-2
ампутировать,-1
анальный,-1
анархия,-1
анафема,-1
антикоррупционный,1
антинародный,-1
антисанитария,-1
антисемитизм,-1
анус,-1
апатия,-1
аппетитный,1
арест,-1
аристократ,1
атмосферный,1
аутсайдер,-1
афера,-1
аферист,-1
ахинея,-2
ахти,-1
баба,-1
бабка,-1
бабник,-2
бабский,-1
базар,-1
базарить,-1
балаболка,-1
балаган,-1
балбес,-1
балда,-1
балдеть,-1
балласт,-1
баловать,-1
баловство,-1
бан,-1
банальность,-1
банда,-1
бандера,-1
бандеровец,-1
бандитизм,-1
бандитский,-1
бандформирование,-2
банить,-1
банкрот,-1
банкротство,-1
барак,-1
барахло,-1
бардак,-1
барыга,-1
башка,-1
башковитый,1
бегство,-1
беда,-1
бедненький,-1
бедность,-1
бедный,-1
бедняжка,-1
бедняк,-1
бедственный,-1
бедствие,-1
бедствовать,-1
безальтернативный,-1
безбилетник,-1
безбожный,-1
безволие,-1
безвольный,-1
безвредность,1
безвредный,1
безвыходность,-1
безголовый,-1
безграмотность,-1
безграмотный,-1
безгрешный,1
бездарный,-2
бездарь,-1
бездействие,-1
безделье,-1
бездельница,-1
бездельничать,-1
безденежье,-1
бездеятельность,-1
бездоказательный,-1
бездорожье,-1
бездумный,-1
беззаконие,-1
безликий,-1
безлюдный,-1
безмозглость,-2
безмозглый,-2
безнадега,-1
безнадежность,-1
безнадежный,-1
безнаказанность,-1
безнаказанный,-1
безногий,-1
безнравственность,-1
безнравственный,-1
безобразие,-1
безобразничать,-1
безопасный,1
безответственность,-1
безответственный,-1
безработица,-1
безразличие,-1
безропотный,-1
безудержный,-1
безумие,-1
безумный,-1
безумство,-1
безупречный,2
безучастный,-1
безыдейный,-1
безысходность,-1
безысходный,-1
белиберда,-1
бережливый,1
бесить,-1
беситься,-1
бесконтрольный,-1
бесноватый,-1
бесноваться,-1
беспардонный,-1
бесперспективный,-1
беспечность,-1
бесплодность,-1
бесплодный,-1
бесподобный,1
беспокоить,-1
беспокойный,-1
беспокойство,-1
бесполезность,-1
бесполезный,-1
беспомощный,-1
беспорядок,-1
беспочвенный,-1
беспощадный,-1
бесправный,-1
беспредел,-1
беспринципный,-1
беспристрастный,1
беспробудный,-1
бессердечный,-1
бессилие,-1
бессильный,-1
бесславный,-1
бессмысленность,-1
бессмысленный,-1
бессмыслица,-1
бессовестность,-1
бесстрашный,1
бесстыдный,-2
бестактность,-1
бестолковость,-1
бестолковый,-1
бестолочь,-2
бесчеловечность,-1
бесчеловечный,-2
бесчестный,-2
бешенство,-1
бешеный,-1
библия,1
бить,-1
бич,-1
благоволить,1
благодарность,1
благодарственный,1
благодатный,1
благоденствие,1
благозвучный,1
благополучие,1
благополучный,1
благоприятный,1
благоприятствовать,1
благоразумие,1
благородный,1
благосклонный,1
благословенный,1
благословлять,1
благосостояние,1
благостный,1
благотворитель,1
благотворительность,1
благочестие,1
блатной,-1
блевать,-1
блевотина,-2
блевотный,-2
блекнуть,-1
блеск,1
блефовать,-1
близорукий,-1
блоха,-1
блуд,-1
блудница,-1
бля,-2
блядский,-2
блядство,-2
богатей,-1
богатство,1
богатый,1
богатырский,1
богач,-1
богомерзкий,-1
бодрый,1
бодяга,-1
боевик,-2
божественный,1
божий,1
бой,-1
бойкотировать,-1
бойня,-1
болезненный,-1
болезный,-1
болезнь,-1
болеть,-1
болтаться,-1
болтливый,-1
болтовня,-1
боль,-1
больничка,-1
болячка,-1
бомж,-1
бонус,1
борец,-1
борзый,-2
босс,-1
боязнь,-1
бравада,-1
браконьер,-1
бранить,-1
брань,-1
бредовый,-1
брезгливость,-2
бремя,-1
брехать,-2
брехня,-1
брехун,-1
брешь,-1
бродяга,-1
бросать,-1
брыкаться,-1
брысь,-1
брюзжание,-1
брюзжать,-1
бугор,-1
бузить,-1
буйный,-1
букашка,-1
буксовать,-1
буржуй,-1
буржуйский,-1
бурьян,-1
бухать,-1
буянить,-1
быдло,-1
быстрорастущий,1
бюрократ,-1
бюрократический,-1
бюрократия,-1
бяка,-1
важный,1
вакханалия,-2
валить,-1
вампир,-1
вандал,-1
вандализм,-1
варварский,-1
ватник,-1
вдохновение,1
вдумчивый,1
ведьма,-1
вежливость,1
вежливый,1
везение,1
везунчик,1
везучий,1
великодержавный,1
великолепие,1
величественный,1
величие,1
верный,1
веровать,-1
вероотступник,-1
веселый,1
ветеран,1
вечный,1
вешать,-1
взаимность,1
взаимовыгодный,1
взаимопомощь,1
взбалмошный,-2
взбунтоваться,-1
взгрустнуть,-1
вздор,-1
вздорный,-1
взлом,-1
взрываться,-1
взъедаться,-1
взяткодатель,-1
взяточник,-1
взяточничество,-1
визжать,-1
виновник,-1
виновница,-1
виновность,-1
виновный,-2
виртуоз,1
вкалывать,-1
вкусный,1
вкуснятина,1
владыка,1
властолюбец,-1
властолюбивый,-1
влачить,-1
влезать,-1
влюбленность,1
внимательность,1
внимательный,1
внятный,1
возвышенность,1
возлюбить,1
возмутительный,-2
возмущать,-1
вознаграждение,1
возненавидеть,-1
возомнить,-1
возрадоваться,1
возрождаться,1
воин,1
война,-1
волевой,1
волокита,-1
волшебный,2
вольность,-1
вонь,-1
вонючий,-1
вонючка,-1
вонять,-2
вопить,-1
вор,-2
воришка,-1
вороватый,-1
воровать,-1
воровской,-1
воровство,-1
ворюга,-1
воспаление,-1
восставать,-1
восстание,-1
восторг,1
восторгаться,1
восхищать,1
восхищение,1
вошь,-1
впаривать,-1
впечатлять,1
впихивать,-1
впустую,-1
враг,-1
вражда,-1
враждебный,-1
вранье,-1
врать,-1
вред,-1
вредитель,-1
вредительство,-1
вредить,-1
вредность,-1
вредный,-1
вседозволенность,-1
всеобъемлющий,1
всепроникающий,-1
всесильный,1
вспыльчивый,-1
встревать,-1
вторгаться,-1
вторжение,-1
второсортный,-1
втридорога,-1
вульгарный,-1
вундеркинд,1
выбрасывать,-1
выговаривать,-1
выговор,-1
выебывать,-2
выживать,-1
выздоравливать,1
выздоровление,1
выкидывать,-1
выкидыш,-1
выклянчивать,-1
вылазить,-1
вылечиваться,1
вымирание,-2
вымирать,-1
вымогать,-1
выпендриваться,-1
выпивать,-1
выправляться,1
выскочка,-1
высокоинтеллектуальный,1
высококвалифицированный,1
высококлассный,1
высокомерный,-1
высокообразованный,1
высокопоставленный,1
высокопроизводительный,1
высылка,-1
вытворять,-1
вытеснять,-1
выходка,-1
вялость,-1
вялотекущий,-1
вялый,-1
гавно,-1
гад,-1
гаденький,-1
гадить,-2
гадкий,-1
гадливый,-1
гадость,-1
галантный,1
галиматья,-1
гандон,-1
гармоничность,1
гармоничный,1
гармония,1
гениальность,2
гениальный,2
гений,2
геноцид,-1
героизм,1
героический,1
геройский,1
гетто,-1
гибель,-1
гибнуть,-1
гиперинфляция,-1
гипертрофированный,-1
гитлеровский,-1
гламурный,-1
глохнуть,-1
глумиться,-1
глумление,-2
глупец,-1
глуповатый,-1
глупость,-1
глупый,-1
глухой,-1
глухомань,-1
глушь,-1
глюк,-1
гнать,-1
гнев,-1
гнида,-1
гнилой,-1
гнилость,-2
гнить,-1
гнобить,-2
гнойник,-2
гнойный,-1
гнусность,-2
гнусный,-2
гоблин,-1
говнюк,-2
говорильня,-1
годный,1
голимый,-1
головорез,-2
голод,-1
голодание,-1
голодать,-1
голодный,-1
голодовка,-1
голодранец,-1
голодуха,-1
голословность,-1
голытьба,-1
гомерический,-1
гомик,-1
гомосек,-1
гомосексуалист,-1
гондон,-2
гонение,-1
гонимый,-1
гонитель,-1
гонять,-1
гопник,-1
горбатиться,-1
горбатый,-1
гордиться,1
гордость,1
гордый,1
гордыня,-1
горечь,-1
горлопан,-1
горячка,-1
гостеприимный,1
гостеприимство,1
грабеж,-1
грабитель,-1
грабительский,-1
грабить,-1
грамотный,1
грандиозный,1
грех,-1
греховный,-1
грешить,-1
грешный,-1
гримаса,-1
грозить,-1
грозиться,-1
громоздкий,-1
гротескный,-1
грубить,-1
грубость,-1
грубый,-1
грустный,-1
грусть,-1
грязноватый,-1
грязный,-1
грязь,-1
губительный,-1
губить,-2
гуманизм,1
гуманистический,1
гуманность,1
гяур,-1
давка,-1
давление,-1
дальновидный,1
дар,1
дармовой,-1
движущий,1
двойственный,-1
двуличие,-1
двуличность,-1
двусмысленный,-1
дебил,-2
дебильный,-2
дебош,-1
дебошир,-1
дебоширить,-1
девальвация,-1
девка,-1
дегенерат,-2
дегенерация,-2
деградация,-2
деградировать,-1
дед,1
действенный,1
декларативный,-1
деликатный,1
дельный,1
демагогический,-1
демагогия,-1
деменция,-1
демократичность,1
демонизация,-1
деморализация,-1
деморализовать,-1
демпинговый,-1
депортация,-1
депрессивный,-1
депрессия,-1
дерзать,-1
дерзить,-1
дерзость,-1
дерьмо,-2
дерьмовый,-2
деспот,-2
деспотия,-1
дестабилизация,-1
дестабилизировать,-1
деструктивный,-1
детоубийство,-2
детоубийца,-2
дефект,-1
дефектный,-1
дефицит,-1
деформация,-1
деятельный,1
джентльменский,1
диверсионный,-1
диверсия,-1
диво,1
диетический,1
дикарский,-1
дикарь,-1
дикий,-1
дикость,-1
диктатор,-1
диктаторский,-1
диктатура,-1
динамичный,1
дипломатичный,1
дисквалифицировать,-1
дискомфорт,-1
дискомфортный,-1
дискредитация,-1
дискредитировать,-1
дискриминационный,-1
дискриминация,-1
дискриминировать,-1
добродетель,1
доброжелательность,1
доброжелательный,1
добросовестность,1
добросовестный,1
добрососедство,1
доброта,1
добротный,1
добрый,1
доверие,1
доводить,-1
довольный,1
догадливый,1
доить,-1
долбоеб,-2
долговечность,1
долговой,-1
долгоиграющий,1
доморощенный,-1
донос,-1
доносить,-1
допекать,-1
допинг,-1
дороговатый,-1
дорогостоящий,-1
дорожать,-1
досада,-1
досадный,-1
достоверность,1
достоверный,1
достопочтенный,1
дотошный,-1
дохлый,-1
дохнуть,-1
дразнить,-1
драка,-1
драматичный,-1
драть,-1
дремучий,-1
дрожать,-1
дрочить,-1
дружба,1
дружелюбие,1
дружелюбный,1
дружеский,1
дружить,1
дружище,1
дружный,1
дрянь,-1
дряхлый,-1
дубина,-1
дура,-2
дурак,-1
дурацкий,-1
дурачок,-1
дурдом,-1
дурень,-1
дурить,-1
дурной,-1
дурость,-1
дурочка,-1
дурь,-1
душевный,1
душегуб,-2
душераздирающий,-1
душеспасительный,1
душистый,1
душить,-1
душный,-1
душок,-1
дыра,-1
дьявол,-1
ебало,-2
ебануться,-2
ебаный,-2
ебать,-2
ебаться,-2
ебучий,-2
едкий,-1
еле-еле,-1
ельцинский,-1
еретик,-1
еретический,-1
ерунда,-1
жадничать,-1
жадность,-1
жадный,-1
жажда,-1
жалкий,-1
желанный,1
желчный,-1
женоненавистник,-1
женственность,1
женственный,1
жертва,-1
жертвенность,1
жертвовать,1
жесткость,-1
жестокий,-1
жестокость,-1
жесть,-1
живительный,1
живодер,-2
живописный,1
животный,-1
живучесть,1
живучий,-1
жид,-2
жидовский,-1
жизнелюбивый,1
жопа,-2
жопка,-1
жратва,-1
жрать,-1
жужжать,-1
жулик,-2
жульничать,-1
жульничество,-1
журить,-1
жуткий,-1
жутковатый,-1
жуть,-1
заартачиться,-1
забастовка,-1
забивать,-1
заблуждаться,-1
заболевание,-1
забота,1
заботиться,1
заботливый,-1
забулдыга,-1
заветный,1
завиральный,-1
зависимый,-1
завистливый,-1
завистник,-1
зависть,-1
завладение,-1
заволноваться,-1
загаживать,-1
загнивание,-1
загнивать,-1
заговор,-1
заговорщик,-1
заголосить,-1
загребущий,-1
загрязнение,-1
загрязнять,-1
загубить,-1
зад,-1
задворки,-1
задирать,-1
задница,-1
задор,1
зазнаваться,-1
зазорный,-1
заикаться,-1
заинтересованный,1
заискивание,-1
заискивать,-1
зайка,1
заклинивать,-1
заколебать,-1
закомплексованный,-1
закоренелый,-1
закуривать,-1
заливать,-1
заложник,-1
заляпывать,-1
заманчивый,1
замерзнуть,-1
замечательный,1
замешательство,-1
заморочка,-1
замусоривать,-1
замутить,-1
занос,-1
зануда,-1
занудный,-1
заоблачный,-1
западня,-1
заплесневелый,-1
запоздалый,-1
запредельный,-1
запретительный,-1
запугивать,-1
запутывать,-1
заражать,-1
заражение,-1
зараза,-1
зарезать,-1
засирать,-1
засовывать,-1
засраный,-1
застой,-1
застойный,-1
застреливаться,-1
затмевать,1
захотеть,1
захудалый,-1
зацикливаться,-1
зачетный,1
зашибаться,-1
звериный,-1
зверский,-1
здоровенький,1
здоровый,1
здравомыслящий,1
здравый,1
злачный,-1
злиться,-1
зло,-1
злоба,-2
злобный,-1
зловещий,-1
зловредный,-1
злодей,-1
злой,-1
злокачественный,-1
злокозненный,-1
злонамеренный,-1
злопамятный,-1
злополучный,-1
злостный,-1
злость,-1
злоупотреблять,-1
знаменательный,1
знание,1
зомби,-1
зомбировать,-1
зоркий,1
зрелище,-1
игла,-1
идеальный,1
идиот,-2
идиотизм,-2
идиотический,-1
идиотский,-1
избивать,-1
избиение,-1
извращенец,-2
извращение,-1
изгнание,-1
изгонять,-1
издевательский,-1
издевательство,-1
издеваться,-1
измена,-1
изнасиловать,-2
изнурительный,-1
изуверский,-2
импонировать,1
инакомыслящий,-1
инквизиция,-1
инновационный,1
инородец,-2
интеллигентский,-1
интересный,1
интимный,-1
инфантильный,-1
инфекция,-1
инфляция,-1
ипать,-1
искажать,-1
исключительный,1
искренний,2
искрометный,1
исламист,-1
исламистский,-1
испортить,-1
испортиться,-1
испугаться,-1
истерика,-1
истерический,-1
истеричный,-1
истерия,-1
истреблять,-1
иудейский,-1
казнить,-1
казнь,-1
кайф,1
калечить,-1
канализация,-1
капиталист,-1
капризный,-1
карательный,-1
катаклизм,-1
катастрофа,-1
катастрофический,-1
катастрофичный,-1
каторжный,-1
кгб,-1
кинуть,-1
классный,1
клевета,-1
клиника,-1
клоун,-1
коварный,-1
ковыряться,-1
козел,-1
козлиный,-2
кокаин,-1
колоссальный,1
колоться,-1
колхоз,-1
колючий,-1
комический,-1
компетентный,1
комсомольский,-1
комфортный,1
конструктивный,1
конструктор,1
конфликт,-1
конфликтный,-1
концлагерь,-1
кончать,-1
конченый,-1
коррумпировать,-1
коррупционер,-1
коррупционный,-1
коррупция,-1
корявый,-1
косноязычный,-1
косяк,-1
кошмар,-1
кошмарный,-1
кощунственный,-2
кража,-1
красавица,2
красивый,1
красота,1
красотища,2
красть,-1
крах,-1
крепкий,1
кретин,-2
кризис,-1
криминал,-2
криминальный,-1
критиковать,-1
критический,-1
кровавый,-1
кровожадный,-1
кровопролитие,-2
кромешный,-1
крошечный,1
крутой,1
круть,1
крыса,-1
крысиный,-1
курево,-1
курица,-1
курьезный,-1
кучка,-1
лажа,-1
лаконичный,1
лапочка,1
ласковый,1
лауреат,1
лгать,-1
легендарный,1
легитимность,1
легковерный,-1
лежалый,-1
лезть,-1
ленивый,-1
лениться,-1
летальный,-1
лечиться,-1
лизать,-1
ликвидировать,1
ликовать,1
липкий,-1
лихорадочный,-1
лицемер,-1
лицемерие,-1
лишать,-1
лишаться,-1
лишение,-1
ложный,-1
ломать,-1
ломаться,-1
ломка,-1
лопнуть,-1
лох,-1
лузер,-1
лукавый,-1
льстивый,-1
любить,1
любоваться,1
любознательный,1
любопытство,1
людоедский,-2
лютый,-1
мажор,-1
мазохист,-1
мало-мальски,-1
маловажный,-1
малоимущий,-1
малоинтересный,-1
малообразованный,-2
малоэффективный,-1
маниакальный,-1
манипулировать,-2
манипуляция,-1
мания,-1
маньяк,-1
мао,-1
маразм,-2
маразматический,-1
маргинальный,-1
марионетка,-1
масон,-1
материть,-1
мафиозный,-1
мафия,-1
медленный,-1
медлить,-1
мелковатый,-1
мелочный,-2
мемориал,1
ментовский,-1
мерзавец,-2
мерзкий,-1
мерзопакостный,-1
мерзостный,-2
мерзость,-1
меркантильный,-1
мертворожденный,-1
мертвый,-2
месть,-1
мечтательный,1
мешать,-1
мещанский,-1
мизерный,-1
миленький,-1
миллиардер,-1
миллионер,1
милосердный,1
милый,1
минус,-1
мирный,1
миролюбивый,1
мифический,-1
мнить,-1
многовато,-1
многообещающий,1
многофункциональный,1
могущественный,1
модернизация,1
молодец,1
молодчина,1
монотонный,-1
монументальный,1
морда,-1
москаль,-2
мочить,-1
мошенник,-1
мошеннический,-1
мощный,1
мразь,-2
мрак,-1
мракобес,-2
мракобесие,-1
мракобесный,-2
мрачноватый,-1
мрачный,-1
мстительный,-1
мстить,-1
мудак,-2
мудрец,1
мудрый,1
мужественный,1
мужество,1
мука,-1
мусор,-1
мусорить,-1
мутный,-1
муторный,-1
муть,-1
мучение,-1
мучительный,-1
мучиться,-1
мыльный,-1
мягкотелый,-1
наворовывать,-1
навредить,-1
навязчивый,-1
наглость,-1
наглый,-1
надежда,1
надежность,1
надежный,1
надлежащий,1
надоедать,-1
надрываться,-1
надрывный,-1
наебывать,-2
наезжать,-1
назойливый,-1
наивный,-1
наизнанку,-1
наказание,-1
наказуемый,-1
налево,-1
напасть,-1
напиваться,-1
наплевать,-1
напряженность,-1
напряженный,-1
напускной,-1
напыщенный,-1
наравне,1
нарекание,-1
нарик,-1
наркоман,-1
наркомания,-1
наркоманский,-1
наркота,-1
наркотик,-1
наркотический,-1
наркоторговец,-1
нарушать,-1
нарушение,-1
нарушитель,-1
насиловать,-2
насильник,-1
насильственный,-1
наслаждаться,1
насмотреться,-1
насрать,-2
настораживать,-1
натяжка,-1
нахуй,-2
нахуя,-2
нацбол,-1
нацизм,-1
национализм,-1
нацист,-1
нацистский,-2
нацмен,-1
неадекватный,-1
небезопасный,-1
небезразличный,1
неблагодарный,-1
неблагонадежный,-1
неблагополучный,-1
неблагоприятный,-1
небогатый,-1
небывалый,1
невежливый,-1
неверный,-1
невеселый,-1
невиновный,1
невнимательный,-1
невнятный,-1
невоспитанный,-1
невостребованный,-1
невредимый,1
невроз,-1
невыносимый,-1
невыплаченный,-1
невыполнимый,-1
негатив,-1
негативный,-1
неглупый,1
негодный,-1
негодяй,-1
негр,-1
неграмотный,-1
негуманный,-1
недальновидный,-1
недееспособный,-1
недемократичный,-1
недешевый,-1
недисциплинированный,-1
недобросовестный,-1
недобрый,-1
недоверие,-1
недовольный,-1
недовольство,-1
недолговечный,-1
недолюбливать,-1
недоношенный,-1
недопустимый,-1
недоразвитый,-2
недоразумение,-1
недорогой,1
недостаток,-1
недостаточный,-1
недостойный,-1
недоумение,-1
недочет,-1
недружелюбный,-1
недурной,1
нежданный,-1
нежелание,-1
нежеланный,-1
нежизнеспособный,-1
нежный,1
незавидный,-1
незаконный,-1
нездоровый,-1
незнание,-1
незрелый,-1
неизлечимый,-1
неинтересный,-1
неискренний,-1
неисправимый,-1
неисправный,-1
неистовый,-1
неистребимый,-1
неисчерпаемый,1
некачественный,-1
неквалифицированный,-1
некомпетентный,-1
некомфортный,-1
неконтролируемый,-1
неконфликтный,1
некорректный,-1
некрасивый,-1
некультурный,-1
нелегал,-1
нелегитимный,-1
нелепость,-1
нелепый,-1
нелестный,-1
нелицеприятный,-1
неловкий,-1
нелогичный,-1
нелюбимый,-1
нелюди,-2
неминуемый,-1
немыслимый,-1
немытый,-1
ненавидеть,-1
ненависть,-1
ненадежный,-1
ненастоящий,-1
ненасытный,-1
ненормальный,-1
ненормативный,-1
необдуманный,-1
необразованный,-1
необученный,-1
необыкновенный,1
необычайный,1
неоправданный,-1
неопровержимый,1
неопрятный,-1
неосмотрительный,-1
неосторожный,-1
неоценимый,1
неплатежеспособный,-1
неплохой,1
непобедимый,-1
непобежденный,1
неповиновение,-1
неподдельный,1
неподкупный,1
неподходящий,-1
непозволительный,-1
неполноценность,-1
неполноценный,-1
неположенный,-1
непомерный,-1
непонимание,-1
непонимающий,-1
непонятый,-1
непоправимый,-1
непорядочный,-1
непосильный,-1
непоследовательный,-1
непослушный,-1
непостижимый,-1
непостоянный,-1
непотопляемый,1
непотребный,-1
неправда,-1
неправильный,-1
неправомерный,-1
неправый,-1
непрактичный,-1
непредвиденный,-1
непреодолимый,-1
неприветливый,-1
непригодный,-1
неприемлемый,-1
непризнанный,-1
непримиримый,-1
неприхотливый,1
неприязнь,-1
неприятность,-1
неприятный,-1
непроверенный,-1
непролазный,-1
непростой,-1
непрофессиональный,-1
непутевый,-1
неработающий,-1
неравномерный,-1
нерадивый,-1
нерадостный,-1
неразрешимый,-1
неразумный,-1
нервировать,-1
нервничать,-1
нереальность,-1
нерентабельный,-1
нерусский,-1
несамостоятельный,-1
несанкционированный,-1
несбалансированный,-1
несбыточный,-1
несдержанный,-1
несистемный,-1
несказанный,1
нескончаемый,-1
нескромный,-1
нескучный,1
несовершенный,-1
несовершенство,-1
несовместимый,-1
несовременный,-1
несознательный,-1
несоответствие,-1
неспособность,-1
неспособный,-1
несправедливость,-1
несправедливый,-1
нестабильный,-1
несусветный,-1
несчастный,-1
неточность,-1
нетрезвый,-1
нетривиальный,1
неуважение,-1
неугодный,-1
неудача,-1
неудачник,-1
неудачный,-1
неудобный,-1
неудобство,-1
неудовлетворенный,-1
неудовлетворительный,-1
неуемный,-1
неуклюжий,-1
неумелый,-1
неумение,-1
неуместный,-1
неумный,-1
неумолимый,-1
неуравновешенный,-1
неуспешный,-1
неустойчивый,-1
неутешительный,-1
неутомимый,-1
неухоженный,-1
неуютный,-1
нехватка,-1
нехуй,-2
нецелесообразный,-1
нецензурный,-1
нецивилизованный,-1
нечеловеческий,-1
нечестивый,-1
нечестный,-1
нечистый,-1
нечисть,-1
неэтичный,-1
неэффективный,-1
ниггер,-1
нигер,-1
низкокачественный,-1
низкооплачиваемый,-1
низменный,-1
никудышный,-1
никчемный,-1
ничтожество,-1
нищенский,-1
нищета,-1
нормальный,1
норовить,-1
нравиться,1
нравственность,1
нравственный,1
нудный,-1
нытик,-1
ныть,-1
обвинение,-1
обвинительный,-1
обвинять,-1
обворовывать,-1
обезьяна,-1
обезьянка,-1
обидный,-1
обидчик,-1
обижать,-1
обличительный,-1
обман,-1
обманный,-1
обманчивый,-1
обманывать,-1
обнимать,1
обожать,1
обоснованный,1
обрадовать,1
обрадоваться,1
образованный,1
обсирать,-2
обучать,1
обходить,-1
общемировой,1
общепризнанный,1
общительный,1
объединение,1
объединительный,1
объяснительный,-1
обывательский,-1
оглушительный,1
оголтелый,-1
огорчать,-1
ограничение,-1
огрех,-1
одиночество,-1
однотипный,-1
одобрительный,1
одобрять,1
оккупант,-1
оккупация,-1
омерзительный,-2
опасный,-1
опрометчивый,-1
опрятный,1
оптимальный,1
оптимизм,1
оптимист,1
опьянение,-1
оратор,1
организованный,1
оригинальность,1
оскорбительный,-1
оскорбление,-1
оскорблять,-1
основательный,1
особенный,1
особь,-1
остроумный,1
осуждать,-1
отбирать,-1
отважный,1
отвергать,-1
отвратительный,-1
отвращение,-1
отечественный,1
отечество,1
отжимать,-1
отзывчивый,2
отказ,-1
откат,-1
отличный,1
отменный,1
отморозок,-1
отомщать,-1
отпугивать,-1
отрубать,-1
отставать,-1
отсталый,-1
отстойный,-2
отчаяние,-1
отъявленный,-1
офигенный,-1
офшор,-1
охуевать,-2
очарование,1
очередной,-1
ошибка,-1
ошибочный,-1
пагубный,-1
падать,-1
падкий,-1
падший,-1
палач,-1
паленый,-1
паника,-1
панический,-1
парадоксальный,-1
паразит,-1
паразитический,-1
параноидальный,-2
пародия,-1
пархатый,-1
паскудный,-2
патриотичный,1
пафос,-1
пафосный,-1
педерастия,-2
педофил,-2
педофилия,-2
первоклассный,1
переворот,-1
передергивать,-1
переживать,-1
переигрывать,-1
переплачивать,-1
переступать,-1
переть,-1
перечеркивать,-1
перспективный,1
пессимист,-1
пессимистичный,-1
печалить,-1
печальный,-1
пидар,-2
пидарас,-2
пидор,-1
пизда,-2
пиздеж,-2
пиздеть,-2
пиздец,-2
пилить,-1
пионерский,1
плагиат,-1
планктон,-1
плачевный,-1
плевать,-1
плодотворный,1
плохой,-1
плясать,-1
по-детски,1
по-человечески,1
победитель,1
победный,1
победоносный,1
побояться,-1
повальный,-1
поверхностный,-1
повеситься,-1
повестись,-1
поганый,-1
погасать,-1
погожий,1
погром,-1
подачка,-1
подвиг,1
поддельный,-1
поддержка,1
подлец,-1
подлинный,1
подозрительный,-1
подпольный,-1
подрывать,-1
пожизненный,-1
поздравление,1
позитивный,1
познавательный,1
позор,-1
позорный,-1
показной,-1
показуха,-1
показушный,-1
полезный,1
полениться,-1
полицай,-1
полноправный,1
полноценный,1
полулегальный,-1
помеха,-1
помирать,-1
помойка,-1
понаехать,-1
понравиться,1
понт,-1
попахивать,-1
поплакать,-1
попсовый,-1
порадовать,1
поражать,1
поражаться,-1
поражение,-1
порок,-1
порочный,-1
порядочный,1
посадить,-1
посильный,1
посредственный,-1
постановочный,-1
пострелять,-1
постыдный,-1
посягательство,-1
потрясение,-1
поумнеть,1
похабный,-1
похвала,1
похвалить,1
похищать,-1
похотливый,-1
похуй,-1
почесть,1
пошлость,-1
пошлый,-1
правда,1
правдивый,1
правдоподобный,1
праведный,1
правильный,1
править,-1
правозащитник,1
праздничный,1
превосходный,1
превосходство,1
предатель,-1
предательский,-2
предательство,-1
предприимчивый,1
презентабельный,1
презирать,-1
презрение,-1
презрительный,-1
преимущество,1
прекрасный,1
прелесть,1
пренебрежительный,-1
престижный,1
преступление,-1
преступник,-1
преступность,-1
преступный,-1
претензия,-1
пречистый,1
привлекательный,1
придурок,-1
приедаться,-1
прикольный,1
прилежный,1
приличный,1
примечательный,1
принудительный,-1
принуждение,-1
принцесса,1
прискорбный,-1
приснопамятный,-1
притворный,-1
приятный,2
проблема,-1
проблемный,-1
провал,-1
провальный,-1
провинциал,-1
провинция,-1
провокатор,-1
провокация,-1
прогибаться,-1
прогрессивный,1
продажный,-1
продуктивный,1
проебывать,-2
прозорливый,1
проигрышный,-1
производительный,1
происшествие,-1
проклинать,-1
проклятие,-2
пролетарский,-1
промахиваться,-1
пронзительный,1
проникновенный,1
проницательный,1
пропаганда,-1
пропагандистский,-1
пропадать,-1
пропащий,-1
пропивать,-1
прорыв,-1
прослушка,-1
проститутка,-1
просторный,1
пространный,-1
протест,-1
протестовать,-1
противник,-1
противный,-1
противозаконный,-1
противоречить,-1
процветание,1
процветать,1
прощение,-1
псих,-1
психопат,-2
психотропный,-1
пту,-1
пугать,-1
пугливый,-1
пузатый,-1
пустой,-1
пустышка,-1
пухленький,1
пухлый,-1
пьяница,-1
пьянка,-1
пьянство,-1
раб,-1
рабский,-1
рабство,-1
равнодушный,-1
равноправие,1
радовать,1
радушный,1
разбиваться,-1
разбираться,1
развал,-1
разваливать,-1
разваливаться,-1
разворовывать,-2
разврат,-2
развратный,-1
развращать,-1
разгонять,-1
разгромный,-1
раздражать,-1
разоблачительный,-1
разорять,-1
разочарование,-1
разруха,-1
разрушать,-1
разрушительный,-1
разум,1
разумный,1
райский,2
ранить,-1
расизм,-1
расист,-1
расистский,-2
раскол,-1
распад,-1
расплакаться,-1
рассмешить,1
расставаться,-1
расстраиваться,-1
расстрел,-1
расстреливать,-1
рациональный,1
рваный,-1
реалистический,1
ревностный,-1
резать,-1
резвый,1
резня,-2
рейх,-1
религия,1
репрессивный,-1
репрессировать,-2
репрессия,-1
респект,1
рискованный,-1
рисковать,-1
родительский,1
рожа,-1
романтический,1
романтичный,1
ронять,-1
роскошный,1
ругательный,-1
ругать,-1
ругаться,-1
рулить,1
русофоб,-1
русофобия,-1
русофобский,-1
рухнуть,-1
рыдать,-1
рыхлый,-1
рьяный,-1
садист,-2
сакральный,-1
сакраментальный,-1
самовлюбленный,-1
самовольный,-1
самолюбование,-1
самонадеянный,-1
самоубийство,-1
самоубийца,-1
сарказм,-1
сатана,-1
сбивать,-1
светлый,1
свинский,-1
своевременный,1
сволочной,-2
сволочь,-2
святой,1
сдаваться,-1
сдохнуть,-2
сектант,-1
сердиться,-1
сердобольный,1
сердюков,-1
серый,-1
сетовать,-1
сильный,1
симпатизировать,1
симпатичный,1
симпатяга,1
сионистский,-1
сказочный,1
скандал,-1
скандальный,-1
скатиться,-1
скатывать,-1
скверный,-1
скончаться,-2
скорбеть,-1
скорбный,-1
скотина,-2
скотский,-2
скромный,1
скудный,-1
скупой,-1
скучный,-1
слабоватый,-1
слабовольный,-2
слаборазвитый,-1
слабость,-1
слабоумный,-1
слабохарактерный,-1
слабый,-1
слащавый,-1
слежка,-1
слезать,-1
слезливый,-1
сломаться,-1
смачный,1
смекалистый,1
смелость,1
смелый,1
смертельный,-1
смертник,-1
смерть,-1
смехотворный,-1
смирительный,-1
смог,-1
смутный,-1
смущать,-1
снисходительный,-1
сногсшибательный,1
соболезнование,-1
соболезновать,-1
собор,1
совершенство,1
совковый,-1
согласный,1
содомит,-1
сокровенный,1
солдатик,-1
солидный,1
солнышко,1
сомнение,-1
сообразительный,1
сопереживать,1
сопротивление,-1
состоятельный,1
сострадание,1
сострадательный,1
сочный,1
сочувствовать,1
спам,-1
спасать,1
спасибо,1
спасибочки,1
спелый,1
спид,-1
спиздить,-2
спорт,1
справедливость,1
справедливый,1
сраный,-2
срать,-2
ссать,-2
ссора,-1
стадный,-1
сталинист,-1
стереотип,-1
стопроцентный,1
страдание,-1
страдать,-1
странноватый,-1
страх,-1
страшилка,-1
страшненький,-1
страшный,-1
стресс,-1
стрессовый,-1
стройный,1
стукач,-2
стыдиться,-1
стырить,-1
стяжательство,-1
субботник,1
судить,-1
судьба,1
суеверие,-1
суетиться,-1
суицид,-2
сука,-2
сукин,-1
сумасшедший,-1
сумятица,-1
сунуться,-1
супер,1
супостат,-1
суровость,-1
суровый,-1
суррогатный,-1
сфабриковать,-1
сфальсифицировать,-1
схитрить,-1
счастливчик,1
счастливый,1
сынок,1
сырой,-1
сытный,1
сытость,1
сытый,1
сюрприз,1
табак,-1
табачный,-1
тактичность,1
тактичный,1
талант,1
талантливый,1
талиб,-1
таракан,-1
тараканий,-1
тварь,-2
твердолобый,-1
темный,-1
теневой,-1
теплота,1
теракт,-1
терзание,-1
терзаться,-1
терпеливый,1
терпение,1
террор,-2
терроризировать,-1
терроризм,-1
террорист,-1
террористический,-1
террористка,-1
теряться,-1
теснота,-1
тесный,1
тетка,-1
техногенный,-1
тешиться,-1
тиран,-1
тирания,-1
титанический,1
тлен,-1
тлетворный,-1
толковый,1
толокно,-1
толстокожий,-1
толстосум,-1
толстяк,-1
толчея,-1
тонуть,-1
топовый,1
топорный,-1
топтать,-1
торгаш,-2
торжество,1
тормоз,-1
тормознуть,-1
торпеда,-1
тоталитарный,-1
тотальный,-1
точность,1
тошнить,-1
тошнота,-1
тошнотворный,-2
тощий,-1
травить,-1
травиться,-1
травка,-1
травля,-2
трагедия,-1
традиция,1
траур,-1
трахать,-1
трахаться,-1
трахнуть,-2
тревожить,-1
тревожный,-1
трезвый,1
трепет,1
трепетать,-1
трепетный,1
треш,-1
триумф,1
трогательность,1
трогательный,1
тролль,-1
трудный,-1
трудолюбивый,1
трудолюбие,1
труженик,1
труп,-1
трус,-1
трусливый,-1
трусоватый,-1
трястись,-1
туберкулез,-1
тугой,-1
туманный,-1
тупик,-1
тупиковый,-1
тупить,-1
тупица,-2
туповатый,-1
тупой,-1
тупорылый,-2
тупость,-2
туфта,-1
тухлый,-1
тухнуть,-1
тщательность,1
тщеславие,-1
тырить,-1
тюремный,-1
тюряга,-1
тягота,-1
тяготить,-1
тяготиться,-1
тяжба,-1
тяжелобольной,-1
тянуть,-1
убивать,-2
убиваться,-1
убивец,-1
убиение,-1
убийственный,-1
убийство,-1
убийца,-2
ублюдок,-2
ублюдочный,-2
убогий,-1
убогость,-1
убожество,-1
убойность,-1
убыток,-1
уважение,1
уважительный,1
уверенность,1
увеселение,-1
увесистый,-1
увечье,-1
увлекательный,1
увлекать,1
увольнять,-1
угнетатель,-1
угнетать,-1
угнетение,-1
уголовник,-1
угробить,-1
угроза,-1
угрюмый,-1
удавка,-1
удача,1
удачливость,1
удачливый,1
удачный,1
удивительный,1
удобный,1
удовлетворенность,1
удовольствие,1
удорожание,-1
удушать,-1
удушение,-1
ужалить,-1
ужас,-1
ужасать,-1
ужасаться,-1
ужасный,-1
ужесточаться,-1
ужесточение,-1
ужесточить,-1
узник,-1
узость,-1
узурпатор,-1
узурпация,-1
узурпировать,-2
уклоняться,-1
украсть,-1
украшать,1
украшение,1
укусить,-1
уловка,-1
улучшать,1
улучшаться,1
улучшение,1
улыбка,1
улыбчивый,1
умалять,-1
умелый,1
умение,1
умилять,1
умирать,-1
умник,-1
умница,1
умничать,-1
умный,1
умудряться,-1
умысел,-1
универсальность,1
унижать,-1
унижаться,-2
унижение,-1
унизительный,-2
уникальность,1
уникальный,2
уничижительный,-1
уничтожать,-1
уничтожение,-1
унылый,-1
уныние,-1
упадок,-1
упадочный,-1
уповать,-1
упоение,1
упрек,-1
упрекать,-1
упускать,-1
упущение,-1
упырь,-2
ура,2
урезание,-1
урод,-2
уродка,-2
уродливый,-1
уродовать,-1
уродский,-2
уродство,-1
урожай,1
урон,-1
усердие,1
усердный,1
усложнять,-1
усомниться,-1
успех,1
успешность,1
успешный,1
успокаиваться,1
усталый,-1
устраиваться,1
усугубляться,-1
усыновлять,1
утерять,-1
утечка,-1
утешать,1
утомительный,-1
утомлять,-1
утонченность,1
утопический,-1
утопичный,-1
утрата,-1
утруждать,-1
ухудшаться,-1
ухудшение,-1
училка,-2
учудить,-1
ушлый,-1
ущемление,-1
ущемлять,-1
ущемляться,-1
ущерб,-1
ущербность,-1
ущербный,-1
уязвимость,-1
фабрикация,-1
фабриковать,-1
фальсификатор,-1
фальсификация,-1
фальсифицировать,-1
фальшивомонетчик,-1
фальшивый,-1
фальшь,-1
фанатизм,-2
фанатик,-2
фантомный,-1
фатальный,-1
фашизм,-1
фашист,-2
фашистка,-1
фашистский,-1
фейк,-1
феминизм,-1
феминистка,-1
фиаско,-1
фигня,-1
фиговый,-1
фиктивный,-1
фикция,-1
флейм,-1
фокус,1
фол,-1
форсить,-1
фортель,-1
фу,-1
фундаментализм,-1
фюрер,-1
халатность,-1
халатный,-1
халифат,-1
халтура,-1
хаметь,-1
хамить,-1
хамка,-1
хамство,-1
ханжество,-1
хаос,-1
харакири,-1
харизматичный,1
хаять,-1
хваленый,1
хвалить,1
хватить,-1
хворый,-1
хер,-1
херня,-1
хилый,-1
химичить,-1
хипстер,-1
хиреть,-1
хитрец,1
хитрить,-1
хитрожопый,-2
хитроумный,1
хитрющий,-1
хихикать,-1
хищение,-1
хладнокровный,-1
хлам,-1
хлебнуть,-1
хлипкий,-1
хмурый,-1
холод,-1
холодный,-1
холоп,-1
холопский,-1
холуй,-1
холуйство,-1
хомячок,1
хоронить,-1
хорошенький,1
хороший,1
хохол,-1
храбрость,1
храбрый,1
хрен,-1
хреновый,-1
хриплый,-1
хрипота,-1
хромать,-1
хронический,-1
худой,-1
худосочный,-1
хуета,-2
хуй,-2
хуйня,-2
хуле,-1
хулиган,-1
хулиганить,-1
хулиганский,-1
хулиганство,-1
хунта,-1
цацкаться,-1
целесообразность,1
целеустремленный,1
целостный,1
ценить,1
цениться,1
ценный,1
церковный,-1
циник,-1
цирк,-1
цыганский,-1
чавкать,-1
чванство,-1
чекистский,-1
человечность,1
человечный,1
чепуха,-1
червь,-1
червяк,-1
черепаший,-1
черножопый,-2
черствый,-1
честность,1
честный,1
чиновничий,-1
чинуша,-1
чистоплотный,1
чистый,1
чистюля,-1
чопорный,-1
чрезвычайный,-1
чрезмерный,-1
чтить,1
чувиха,-1
чувственный,1
чувствительный,-1
чувствовать,1
чудак,-1
чудище,-1
чудный,1
чудо,1
чудовище,-1
чудовищный,-2
чужак,-1
чуждый,-1
чужеродный,-1
чурбан,-1
чурка,-2
чуткий,1
чучело,-1
чушь,-1
шайка,-2
шалава,-2
шалун,-1
шальной,-1
шантаж,-1
шантажировать,-1
шантажист,-1
шарить,1
шататься,-1
шаткий,-1
шедевр,-1
шельма,-1
шизоидный,-1
шизофреник,-1
шизофренический,-1
шикарный,2
ширпотреб,-1
шлюха,-2
шовинизм,-1
шовинист,-1
шовинистический,-1
шок,-1
шокировать,-1
шоковый,-1
шпана,-1
шпион,-1
шпионаж,-1
шпынять,-1
шрам,-1
штраф,-1
шулер,-1
шум,-1
шустрый,1
шут,-1
шутить,1
шутник,1
щедрость,1
щекотливый,-1
эгоизм,-1
эгоист,-2
эгоистический,-1
эгоистичный,-1
эгоцентричный,-1
экзальтированный,-1
экономичный,1
экономный,1
эксплуатация,-1
экспроприировать,-1
экстравагантный,-1
экстраординарный,1
экстремизм,-1
экстремист,-1
эксцесс,-1
элитарный,1
энтузиазм,1
эпатаж,-1
эпохальный,1
эстетический,1
этический,1
эфемерный,-1
эффективный,1
юлить,-1
яд,-1
ядовитый,-1
язвительный,-1
яркий,1
ярмо,-1
яростный,-1
ярость,-1
несуразица,-1
авантюристка,-1
запарка,-1
властность,-1
авторитаризм,-1
интервенционный,-1
интервент,-1
алкашка,-2
отнимать,-1
отнять,-1
апатичность,-1
аристократка,1
махинация,-1
мошенница,-1
бред,-2
дичь,-2
мура,-2
донжуан,-2
пустозвон,-1
пустобрех,-1
пустомеля,-1
гнет,-1
гангстерский,-1
несостоятельность,-1
облом,-1
старье,-1
разгром,-1
сметливый,1
горе,-1
скудость,-1
нужда,-1
неимущий,-1
нищий,-1
горемыка,-1
нищеброд,-1
бессовестный,-1
слабохарактерность,-1
малодушный,-1
малокомпетентность,-1
некомпетентность,-1
неграмотность,-1
малокомпетентный,-1
непогрешимый,1
безгреховный,1
тщетный,-2
бездарность,-1
ничегонеделание,-1
ничегонеделанье,-1
бездельник,-1
инертность,-1
аморфность,-1
голословный,-1
ветреный,-1
беспечный,-1
нелегальность,-1
незаконность,-1
варвар,-1
неосмысленный,-1
зряшный,-1
напрасный,-1
глупышка,-2
идиотка,-2
антигуманность,-1
негуманность,-1
антигуманистический,-1
античеловечный,-2
антигуманный,-2
избить,-1
добить,-1
разбить,-1
побить,-1
сложности,-1
признательный,1
благодарный,1
обильный,1
благополучность,1
благословить крест,1
благотворительница,1
благочестивость,1
богобоязненность,1
поблекнуть,-1
блудник,-1
распутник,-1
благодатность,1
изобильный,1
многообразный,1
обеспеченный,1
богачка,-1
канитель,-1
морока,-1
всевышний,1
стычка,-1
схватка,-1
столкновение,-1
удар,-1
битье,-1
битва,-1
болевой,-1
недуг,-1
хворь,-1
поболеть,-1
похварывать,-1
заболеть,-1
заболевать,-1
треп,-1
мытарство,-1
ругательство,-1
несообразный,-1
несуразный,-1
врун,-1
лгун,-1
лжец,-1
враль,-1
выкаблучиваться,-1
упиться,-1
хмелеть,-1
волокитный,-1
немаловажный,1
архиважный,1
разгул,-2
заваливать,-1
завалить,-1
свалить,-1
вурдалак,-1
вандалка,-1
фурия,-1
гарпия,-1
мегера,-1
ведьмин,-1
ведьминский,-1
фарт,1
везуха,1
везенье,1
фартовый,1
доподлинный,1
истинный,1
преданный,1
обоюдовыгодный,1
взаимовыручка,1
взаимоподдержка,1
восстать,-1
бунтовать,-1
сварливый,-1
взламывание,-1
невзлюбить,-1
завизжать,-1
виноватость,-1
повинный,-2
виртуозка,1
вкусность,1
вкусненький,1
объедение,1
владычица,1
увлечение,1
страсть,1
чуткость,1
внимательнейший,1
ясный,1
награда,1
нарадоваться,1
воскреснуть,1
воспрянуть,1
ловелас,-1
магический,2
привольность,-1
вольготность,-1
зловоние,-1
смрад,-1
смрадный,-1
зловонный,-1
зловонность,-1
смрадность,-1
смердеть,-2
разить,-2
навонять,-2
ворье,-2
восхищаться,1
впарить,-1
впечатлить,1
втиснуть,-1
втискивать,-1
впихнуть,-1
затолкать,-1
запихивать,-1
недруг,-1
оппонент,-1
неприятель,-1
рознь,-1
наврать,-1
соврать,-1
потеря,-1
вредительница,-1
вредоносность,-1
вредоносный,-1
всеохватывающий,1
всесторонний,1
всеохватный,1
вторгнуться,-1
нашествие,-1
встревание,-1
вышвыривать,-1
взбучка,-1
выжить,-1
излечение,1
исцеление,1
выклянчить,-1
канючить,-1
клянчить,-1
вымереть,-1
перемереть,-1
перемирать,-1
выпендрежничать,-1
выпендриться,-1
пропить,-1
исправляться,1
исправиться,1
квалифицированный,1
спесивый,-1
надменный,-1
заносчивый,-1
вытеснить,-1
проделка,-1
выкрутасы,-1
дряблость,-1
подгадить,-2
гадостный,-1
безобразный,-1
гадостность,-1
тошнотворность,-1
отвратительность,-1
сверходаренный,2
суперталантливый,2
геройство,1
героичный,1
погибель,-1
оглохнуть,-1
заглохнуть,-1
надругаться,-1
поглумиться,-1
надругательство,-2
скудоумие,-1
недалекость,-1
тугоухий,-1
неотзывчивый,-1
бесчувственный,-1
захолустье,-1
глубинка,-1
прогнивший,-1
тлеть,-1
сгнить,-1
загнить,-1
бандит,-2
бандюга,-2
бандитка,-2
оголодать,-1
нищебродский,-1
гей,-1
педераст,-1
преследование,-1
гонительница,-1
притеснитель,-1
преследователь,-1
лихорадка,-1
гостеприимность,1
налет,-1
поборы,-1
грабительница,-1
ограбить,-1
грабануть,-1
награбить,-1
грандиознейший,1
согрешить,-1
погрозить,-1
угрожать,-1
погрозиться,-1
нагрубить,-1
печаль,-1
смертоносный,-1
гробить,-2
сгубить,-2
всечеловечность,1
человеколюбие,1
дарование,1
двуликость,-1
лицемерность,-1
фальшивость,-1
скользкий,-1
даун,-2
имбецил,-2
буянство,-1
дебоширство,-1
буян,-1
бузила,-1
резонный,1
демагогичность,-1
растление,-1
развращение,-1
депрессионный,-1
депрессуха,-1
дерзнуть,-1
надерзить,-1
безобразность,-2
диктаторство,-1
тиранический,-1
дефицитность,-1
деформирование,-1
активнейший,1
активный,1
чудеса,1
дикарка,-1
деспотичный,-1
деспотический,-1
подвижный,1
дипломатический,1
дисквалифицироваться,-1
дискомфортность,-1
дискредитирование,-1
дискредитироваться,-1
доброжелательство,1
благожелательный,1
простосердечность,1
мягкосердечие,1
добросердечие,1
сердечность,1
добросердечный,1
простосердечный,1
мягкосердечный,1
сердечный,1
дорогой,-1
правдивость,1
издохнуть,-1
околеть,-1
подразнить,-1
поддразнить,-1
поддразнивать,-1
обзывать,-1
обозвать,-1
подстрекнуть,-1
раздразнить,-1
подстрекать,-1
мордобой,-1
рвать,-1
задрожать,-1
дружественность,1
дружелюбность,1
дружественный,1
слаженный,1
негодность,-1
никудышность,-1
непригодность,-1
ветхий,-1
изветшалый,-1
психушка,-1
наихудший,-1
нехороший,-1
плоховатый,-1
плохонький,-1
ароматный,1
притеснять,-1
притеснить,-1
удушить,-1
истерзать,-1
удавить,-1
придушить,-1
удушливый,-1
запашок,-1
черт,-1
демон,-1
ехидный,-1
еретичка,-1
скупиться,-1
самоотверженность,1
пожертвовать,1
свирепый,-1
безжалостность,-1
кровожадность,-1
лютость,-1
немилосердность,-1
красочный,1
колоритнейший,1
сплутовать,-1
смухлевать,-1
плутовство,-1
страшенный,-1
волноваться,-1
взволноваться,-1
разволноваться,-1
перепачкать,-1
изгадить,-1
тление,-1
гниение,-1
измазать,-1
насвинячить,-1
попортить,-1
пыл,1
запал,1
надоесть,-1
докучать,-1
закоснелый,-1
заматерелый,-1
заложница,-1
соблазнительный,1
смятение,-1
сорить,-1
засорить,-1
засорять,-1
ловушка,-1
поздний,-1
неразрешенный,-1
запретный,-1
запугать,-1
застращать,-1
заразить,-1
инфицирование,-1
затмить,1
свирепствовать,-1
злобность,-2
озлобление,-2
озлобленный,-1
ожесточенный,-1
убойный,-1
монстр,-1
злодейка,-1
злоумышленный,-1
злосчастный,-1
злоупотребить,-1
познания,1
совершенный,1
безукоризненный,1
побои,-1
извращенка,-2
измывательский,-1
издевка,-1
измывательство,-1
потешаться,-1
живодерский,-2
диссидентский,-1
откровенный,2
прямодушный,2
портиться,-1
убояться,-1
бояться,-1
пугаться,-1
устрашиться,-1
психоз,-1
изничтожить,-1
истребить,-1
изводить,-1
сокрушить,-1
услада,1
наслаждение,1
покалечить,-1
искалечить,-1
изувечивать,-1
изувечить,-1
капиталистка,-1
катастрофичность,-1
навет,-1
оговор,-1
поклеп,-1
вероломный,-1
умопомрачительный,1
полномочный,1
комфортабельный,1
противоречие,-1
коррумпированный,-1
коррумпированность,-1
продажность,-1
промах,-1
кура,-1
лентяйничать,-1
смертный,-1
прилипчивый,-1
горячечный,-1
нервический,-1
отнятие,-1
отбирание,-1
лживый,-1
мазохистка,-1
малозначительный,-1
незначимый,-1
малосведущий,-2
бескультурный,-2
невежественный,-2
манипулирование,-1
маньячка,-1
грошовый,-1
миллиардерша,-1
родной,1
родимый,1
милейший,1
изъян,-1
лад,1
мир,1
бесконфликтность,1
миролюбивость,1
миролюбие,1
беспросветный,-1
отомстить,-1
поквитаться,-1
расквитаться,-1
премудрый,1
мужественность,1
сор,-1
заунывный,-1
безрадостный,-1
безотрадный,-1
тоскливый,-1
мучительство,-1
изводиться,-1
известись,-1
замучиться,-1
нахальство,-1
нахальный,-1
упование,1
подобающий,1
орать,-1
наехать,-1
докучный,-1
санкция,-1
принужденность,-1
натянутость,-1
деланный,-1
высокопарный,-1
наркозависимость,-1
наркобольной,-1
нарковещество,-1
наркосодержащий,-1
наркотикосодержащий,-1
наркоторговка,-1
наркобизнесмен,-1
наркосбытчица,-1
нарушительница,-1
насторожить,-1
пронацистский,-1
нацистка,-1
опаснейший,-1
неравнодушный,1
неодобрительный,-1
нестерпимый,-1
несносный,-1
нещадный,-1
отрицательный,-1
дрянной,-1
негритос,-1
негритоска,-1
антидемократичный,-1
антидемократический,-1
недозволенный,-1
дрязги,-1
нелады,-1
раздор,-1
неприязненный,-1
недружественный,-1
неохота,-1
предосудительный,-1
неблаговидный,-1
неприглядный,-1
беззаконный,-1
нелегальный,-1
антизаконный,-1
неискоренимый,-1
неестественный,-1
остервенелый,-1
неиссякаемый,1
неистощимый,1
низкоквалифицированный,-1
неподвластный,-1
нелегалка,-1
несуразность,-1
несообразность,-1
ненавистничество,-1
подложный,-1
прожорливый,-1
обжорливый,-1
непродуманный,-1
нечистоплотный,-1
неаккуратный,-1
неряшливый,-1
бесценный,1
непослушание,-1
ослушание,-1
настоящий,1
пошловатый,-1
нелюбовь,-1
антипатия,-1
недружелюбие,-1
малоприятный,-1
пренеприятный,-1
пренеприятнейший,-1
дилетантский,-1
небрежный,-1
неблагоразумный,-1
взвинтить,-1
взвинчивать,-1
взвинченный,-1
убыточный,-1
низкорентабельный,-1
неописуемый,1
обветшалый,-1
неувязка,-1
диссонанс,-1
нестыковка,-1
неувязочка,-1
несчастливый,-1
пьяный,-1
поддатый,-1
пьяненький,-1
непочтительность,-1
непочтение,-1
неуважительность,-1
невезение,-1
невезуха,-1
несчастливица,-1
неудачница,-1
несчастливец,-1
неудобность,-1
нищенство,-1
стонать,-1
обидчица,-1
обделить,-1
признанный,1
компанейский,1
коммуникабельный,1
недоработка,-1
оптимистичность,1
оптимистка,1
отторгать,-1
отторгнуть,-1
отвергнуть,-1
омерзение,-1
родина,1
шугануть,-1
вспугивать,-1
вспугнуть,-1
матерый,-1
оффшор,-1
пристрастный,-1
губитель,-1
могильщик,-1
пиявка,-1
карикатура,-1
пессимистка,-1
пессимистический,-1
подспорье,1
подмога,1
подкосить,-1
взорвать,-1
стыд,-1
препятствие,-1
преграда,-1
обессилевать,-1
окочуриваться,-1
добропорядочный,1
перестрелять,-1
обстреливать,-1
покушение,-1
умнеть,1
похитить,-1
похабщина,-1
непотребность,-1
похабность,-1
непристойность,-1
пошлятина,-1
изменник,-1
изменница,-1
инициативный,1
солидный на вид,1
презренный,-1
приесться,-1
проблематичный,-1
завальный,-1
провоцирование,-1
клясть,-1
оплошать,-1
пропагандирование,-1
соперник,-1
конфликтовать,-1
преуспеяние,1
преуспевание,1
преуспеть,1
преуспевать,1
безумец,-1
психопатка,-2
боязливый,-1
тучный,-1
рабыня,-1
невольник,-1
невольничий,-1
кабала,-1
безразличный,-1
расшибиться,-1
толкучка,-1
развалить,-1
разворовать,-2
распутный,-1
раздражаться,-1
разочарованность,-1
запустение,-1
крушить,-1
интеллектуальный,1
поранить,-1
расистка,-1
смешить,1
насмешить,1
посмешить,1
омрачиться,-1
рассудительный,1
драный,-1
проворный,1
великолепный,1
обругать,-1
поругать,-1
побраниться,-1
браниться,-1
руководить,1
выруливать,1
рушиться,-1
обвалиться,-1
обрушиться,-1
реветь,-1
садомазохист,-2
садомазохистка,-2
садистка,-2
саркастичность,-1
пасовать,-1
капитулировать,-1
сектантка,-1
серчать,-1
осерчать,-1
рассердиться,-1
роптать,-1
миловидность,1
свара,-1
грызня,-1
скандальность,-1
скандальчик,-1
приторный,-1
неустрашимость,1
отвага,1
конфузить,-1
ошеломляющий,1
разительный,1
фантастический,1
дивный,1
совершенность,1
безупречность,1
безукоризненность,1
представительный,1
солнце,1
откликаться,1
вич-инфекция,-1
верность,1
правота,1
истинность,1
престранный,-1
ужастик,-1
доносчик,-2
доносчица,-2
стукачка,-2
засуетиться,-1
кутерьма,-1
суматоха,-1
финтить,-1
удачник,1
удачница,1
солнечный,1
пытка,-1
растерзание,-1
терпеливость,1
терроризирование,-2
потеряться,-1
растериваться,-1
растеряться,-1
тесность,-1
тиранствовать,-1
самодурство,-1
тиранство,-1
вразумительный,1
доходчивый,1
потонуть,-1
погрязать,-1
кустарный,-1
торжественность,1
затормозить,-1
притормаживать,-1
застопорить,-1
мутить,-1
подташнивать,-1
подташнивание,-1
потравить,-1
преследовать,-1
затравить,-1
вытравить,-1
поморить,-1
трагизм,-1
трагичность,-1
трагедийность,-1
нрав,1
обычай,1
традиционность,1
пронзительность,1
проникновенность,1
неуживчивый,-1
гнетущий,-1
работящий,1
трудоспособность,1
работоспособность,1
работяга,1
труженица,1
специалистка,1
специалист,1
прах,-1
трусиха,-1
натянутый,-1
расплывчатый,-1
неопределенный,-1
отчаянный,-1
безвыходный,-1
тугодумие,-2
фальшивка,-1
подделка,-1
протухший,-1
протухнуть,-1
протухать,-1
тюрьма,-1
гнести,-1
убить,-2
умервщление,-1
зловредность,-1
смертоносность,-1
счастье,1
успешливый,1
небезуспешный,1
уместный,1
довольство,1
удовлетворение,1
притеснение,-1
ужесточать,-1
узница,-1
арестант,-1
арестантка,-1
узурпирование,-1
финт,-1
маневр,-1
намудрить,-1
исхитряться,-1
унизить,-1
уничижать,-1
принизить,-1
унизиться,-2
самоуничижение,-1
самоунижение,-1
униженность,-1
принижение,-1
унижающий,-2
похоронный,-1
прореха,-1
отвратный,-1
изуродовать,-1
извращать,-1
извратить,-1
уродливость,-1
рвение,1
тщание,1
осложнять,-1
осложнить,-1
усложнить,-1
удачность,1
утомленный,-1
устроиться,1
притомить,-1
затруднить,-1
затруднять,-1
ухудшиться,-1
ущемленность,-1
защемление,-1
уязвление,-1
фальсифицирование,-1
поддельщик,-1
фальсификаторша,-1
фальшивомонетчица,-1
двуликий,-1
двуличный,-1
двоедушный,-1
фанатичка,-2
фюрерский,-1
нахамить,-1
хвалебный,1
захихикать,-1
похихикать,-1
захлебнуть,-1
озноб,-1
похоронить,-1
хрипловатый,-1
охриплый,-1
хрип,-1
хрипение,-1
прихрамывать,-1
захромать,-1
хулиганка,-1
хулиганье,-1
похулиганить,-1
нахулиганить,-1
ценнейший,1
драгоценный,1
высокогуманный,1
человеколюбивый,1
очерствелый,-1
чистенький,1
чистейший,1
почтить,1
почитать,1
почитаться,1
прелестный,1
расчудесный,1
озорник,-1
пострел,-1
шантажирование,-1
пошантажировать,-1
пошатнуться,-1
зашататься,-1
бестия,-1
шизик,-1
шизоид,-1
шизофреничка,-1
шовинистка,-1
подтрунивать,1
хохмач,1
шутница,1
юморист,1
щедрота,1
себялюбие,-1
эгоистичность,-1
себялюбка,-2
эгоистка,-2
себялюбец,-2
мнимый,-1
высокоэффективный,1
высокотоксичный,-1
токсичный,-1
авральный,-1
авторитарный,-1
безработный,-1
беспардонность,-1
беспристрастность,1
благо,1
благородство,1
браконьерский,1
бонусный,1
брезгливый,-1
взятка,-1
восторженный,1
герой,1
гневный,-1
долговечный,1
зараженный,-1
застрелить,-1
интеллигентный,1
интересно,2
искажение,-1
?порча,-1
искренность,2
клеветать,-1
коварность,-1
красиво,1
ласка,1
ложь,-1
лицемерить,-1
маргинал,-1
мошенничество,-1
мудрость,1
наивность,-1
несправедливо,-1
несчастье,-1
нытье,-1
обида,-1
осуждение,-1
позитив,1
сочувствие,1
чудесный,1
священный,1
слежение,-1
изысканность,1
отжать,-1
профашистский,-1
бедлам,-1
